course,college_code,college_name,type,SM,EZ,MU,LA,DV,VK,BH,BX,KN,KU,SC,ST,EW,Other Categories,page
Applied Electronics & Instrumentation,KKE,"Government Engineering College, Kozhikkode",G,9347,14245,11681,39051,54377,15026,19454,60124,-,-,58970,-,30308,"FW:8302, SD:13549",1
Applied Electronics & Instrumentation,TVE,"College of Engineering,Thiruvananthapuram.",G,1683,2541,2010,4293,6824,4171,1906,3878,17337,47092,17440,55227,5985,FW:1128,1
Applied Electronics & Instrumentation,RET,"Rajagiri School of Engineering and Technology, Ernakulam",S,16028,20484,17091,22401,-,21048,20632,-,-,-,63887,-,-,"FW:13827, YN:22655",1
B.Tech. (Agricultural Engg.),KCT,"Kelappaji College of Agricultural Engineering and Food Technology, Tavanur",G,17999,21080,21316,56777,34855,26293,38448,64860,-,-,45614,47307,40711,SD:53483,1
Artificial Intelligence and Machine Learning,MAC,"Mar Athanasius College of Engineering, Kothamangalam",G,5743,6709,6009,12375,21628,8262,7373,-,-,29083,29207,27546,-,FW:4442,1
Artificial Intelligence and Machine Learning,AAE,"Al-Azhar College of Engineering and Technology, Idukki",S,64249,-,-,-,-,-,-,-,-,-,-,-,-,FW:47430,1
Artificial Intelligence and Machine Learning,ATP,"Ahalia School of Engineering and Technology, Palakkad",S,61681,-,63644,-,-,62973,-,-,-,-,64961,-,-,FW:36227,1
Artificial Intelligence and Machine Learning,CEN,"College of Engineering and Technology, Payyannur, Kannur.",S,63706,-,-,-,-,-,-,-,-,-,-,-,-,FW:38689,1
Artificial Intelligence and Machine Learning,DMC,"M. Dasan Institute of Technology, Kozhikode",S,62859,-,-,-,-,-,-,-,-,-,-,-,-,,1
Artificial Intelligence and Machine Learning,GIK,"Gregorian Institute of Technology,Kanjirampara,Kottayam",S,61280,-,-,-,-,-,-,-,-,-,-,-,-,FW:62053,1
Artificial Intelligence and Machine Learning,IGW,"Indira Gandhi Institute of Engineering and Technology, Ernakulam",S,64518,-,-,-,-,-,-,-,-,-,-,-,-,FW:51408,1
Artificial Intelligence and Machine Learning,JBT,"Jai Bharath College of Management and Engineering Technology, Ernakulam",S,62865,-,-,-,-,-,-,-,-,-,-,-,-,,1
Artificial Intelligence and Machine Learning,MCE,"Marian Engineering College, Thiruvananthapuram",S,42326,43858,46498,43779,-,-,45481,-,-,-,64559,-,-,"FW:22875, YJ:62465",2
Artificial Intelligence and Machine Learning,MCT,"Mohandas College of Engineering and Technology, Thiruvananthapuram",S,62070,-,64764,-,-,-,64080,-,-,-,-,-,-,FW:47972,2
Artificial Intelligence and Machine Learning,MEC,"Malabar College of Engineering and Technology, Thrissur",S,56270,-,-,-,-,-,-,-,-,-,-,-,-,,2
Artificial Intelligence and Machine Learning,MHP,"ACE College Of Engineering, Thiruvananthapuram",S,54838,61657,62135,61390,-,-,63402,57181,-,-,-,-,-,"FW:29949, MM:18910",2
Artificial Intelligence and Machine Learning,MLM,"Mangalam College of Engineering, Kottayam",S,65023,-,-,-,-,-,-,-,-,-,-,-,-,FW:50005,2
Artificial Intelligence and Machine Learning,PAA,"P A Aziz College of Engineering and Technology, Thiruvananthapuram",S,63893,-,-,-,-,-,-,-,-,-,-,-,-,,2
Artificial Intelligence and Machine Learning,SNG,"Sree Narayana Gurukulam College of Engineering, Ernakulam",S,56776,57983,-,-,-,-,-,-,-,-,-,-,-,FW:20469,2
Artificial Intelligence and Machine Learning,SNP,"Sree Narayana Institute of Technology, Adoor",S,63177,-,-,-,-,-,-,-,-,-,-,-,-,FW:62253,2
Artificial Intelligence and Machine Learning,VAS,"Vidya Academy of Science and Technology, Thrissur",S,40178,43184,57266,-,52546,40723,49236,-,-,-,54221,-,53661,FW:26120,2
Artificial Intelligence and Machine Learning,VPE,"Mahaguru Institute of Technology, Mavelikkara, Alappuzha",S,64938,-,-,-,-,-,-,-,-,-,-,-,-,FW:55148,2
B.Tech Agriculture Engineering,KCT,"Kelappaji College of Agricultural Engineering and Food Technology, Tavanur",G,19265,23442,25253,49282,28548,28989,19758,-,-,-,48996,60446,51960,,2
B.Tech Agriculture Engineering,ICE,"Ilahia College of Engineering and Technology, Ernakulam",S,59254,-,-,-,-,-,-,-,-,-,-,-,-,,2
B.Tech Agriculture Engineering,JCE,"Jawaharlal College of Engineering and Technology, Palakkad",S,64614,-,-,-,-,-,-,-,-,-,-,-,-,,2
B.Tech Agriculture Engineering,PAA,"P A Aziz College of Engineering and Technology, Thiruvananthapuram",S,65282,-,-,-,-,-,-,-,-,-,-,-,-,,2
B.Tech Agriculture Engineering,STC,"St Thomas Colllege of Engineering and Technology, Alappuzha",S,63806,-,-,-,-,-,-,-,-,-,-,-,-,,3
Cyber Physical Systems,TCR,"Govt. Engineering College,Thrissur.",G,6865,8861,8052,17684,19050,9053,9303,26058,26041,58843,36294,-,16917,"FW:4827, PD:60574",3
Cyber Physical Systems,PTA,"College of Engineering, Kallooppara, Thiruvalla",N,63971,-,-,-,-,-,-,-,-,-,65250,-,-,MG:56972,3
Cyber Physical Systems,SHR,"Sahrdaya College of Engineering and Technology, Thrissur",S,61945,-,-,-,-,-,-,-,-,-,-,-,-,,3
Civil Engineering,KKE,"Government Engineering College, Kozhikkode",G,11788,16043,14255,30329,27835,12615,13185,16652,53942,47343,38875,48077,25559,FW:7134,3
Civil Engineering,KNR,"Government College of Engineering, Kannur",G,11535,16794,14483,43926,33746,13355,16252,38268,48559,-,44476,38362,23998,FW:7337,3
Civil Engineering,KTE,"Govt. Rajiv Gandhi Institute of Tech., Kottayam.",G,11841,13573,13035,20636,25658,13936,15180,15511,32727,38237,35079,60958,17938,FW:9029,3
Civil Engineering,MAC,"Mar Athanasius College of Engineering, Kothamangalam",G,11829,13833,12895,24651,32024,13977,15233,26154,33182,29451,43253,61172,-,FW:9528,3
Civil Engineering,NSS,"N S S College of Engineering, Palakkad",G,11743,17756,14634,26176,36912,19046,17885,34578,29081,43287,48293,53225,27379,FW:11122,3
Civil Engineering,PKD,"Government Engineering College, Palakkad",G,11765,17421,14755,44883,39048,19796,16939,37077,45506,47412,48450,51922,36511,FW:12063,3
Civil Engineering,TCR,"Govt. Engineering College,Thrissur.",G,8100,10188,8560,20914,16721,9642,11798,15651,17603,26008,28032,50023,16894,"FW:5031, SD:52930, XS:11105",3
Civil Engineering,TKM,"T K M College of Engineering, Kollam.",G,8758,11041,8970,10752,21004,10871,14020,14893,30218,31593,28649,58930,-,"FW:6324, SD:27082",3
Civil Engineering,TRV,"Government Engineering College Barton Hill, Thiruvananthapuram",G,10673,13127,12577,15344,31141,12143,15053,11727,-,-,33388,49511,18593,FW:8577,3
Civil Engineering,TVE,"College of Engineering,Thiruvananthapuram.",G,4984,6132,6143,8676,20382,7239,5772,5392,13625,20392,15550,39690,11758,"FW:3282, PD:51285, PT:1, RP:12642, SD:12790, XS:8108",3
Civil Engineering,AEC,"College of Engineering of Aranmula, Pathanamthitta",N,64415,-,-,-,-,-,-,-,-,-,-,-,-,,4
Civil Engineering,CEM,"College of Engineering Muttathara, Thiruvananthapuram",N,45073,64380,65224,47356,-,52445,55487,-,-,-,57332,-,50268,,4
Civil Engineering,KGR,"College of Engineering Kidangoor, KOTTAYAM",N,53928,64935,57785,-,62068,64950,-,60945,-,61457,64048,63941,-,,4
Civil Engineering,KSD,"LBS College of Engineering, Kasaragod",N,35170,37663,36705,-,57159,36168,38405,-,-,-,54654,57305,-,"FW:20243, MG:50511",4
Civil Engineering,LBT,"LBS Institute of Technology for Women, Thiruvananthapuram",N,21049,28345,26318,29485,-,21209,30174,-,-,56095,48117,61594,43214,"FW:12986, MG:39198",4
Civil Engineering,PEC,"College of Engineering Pathanapuram, Kollam",N,57863,58682,-,-,-,-,58946,-,-,-,61717,-,61613,,4
Civil Engineering,PRP,"CAPE College of Engineering, Punnapra, Alappuzha",N,65362,-,-,-,-,-,-,-,-,-,-,-,-,,4
Civil Engineering,TKR,"College of Engineering, Trikaripur",N,49837,52368,50926,-,-,63617,57041,-,-,-,57356,-,59653,FW:21737,4
Civil Engineering,TLY,"College of Engineering,Thalassery, Kannur",N,28801,35456,31496,-,-,31682,41465,-,-,-,62814,-,-,"CB:50732, FW:19572",4
Civil Engineering,VDA,"College of Engineering, Vadakara",N,42633,47240,47831,60986,-,45869,43796,-,-,-,59859,-,55805,FW:26553,4
Civil Engineering,AAE,"Al-Azhar College of Engineering and Technology, Idukki",S,57791,-,-,-,-,-,-,-,-,-,-,-,-,,4
Civil Engineering,AAP,"Al-Ameen Engineering College, Palakkad",S,58760,-,-,-,-,-,-,-,-,-,-,-,-,,4
Civil Engineering,AIK,"Albertian Institute of Science and Technology, Kochi",S,62150,-,-,-,-,-,-,-,-,-,-,-,-,YA:61941,4
Civil Engineering,AJC,"Amal Jyothi College of Engineering, Kottayam",S,40112,49286,45251,59503,-,-,-,-,-,-,65386,59900,-,"FW:33176, YB:65036",4
Civil Engineering,AME,"Rajadhani Institute of Science and Technology, Palakkad",S,64353,-,-,-,-,-,-,-,-,-,-,-,-,,4
Civil Engineering,ASI,"Adi Shankara Institute of Engineering and Technology, Ernakulam",S,40978,51189,44930,-,60007,53051,53852,-,-,-,59580,63660,57932,,4
Civil Engineering,ATP,"Ahalia School of Engineering and Technology, Palakkad",S,59125,63723,-,-,-,-,-,-,-,-,-,-,-,,4
Civil Engineering,AWH,"AWH Engineering College, Kozhikkode",S,64359,-,-,-,-,-,-,-,-,-,-,-,-,FW:36613,4
Civil Engineering,BJK,"Bishop Jerome Institute, Kollam",S,49729,54260,56130,58680,-,52884,56009,-,-,-,-,-,-,"FW:41128, YC:64963",4
Civil Engineering,BMC,"Baselios Mathews II College of Engineering, Kollam",S,62511,-,-,-,-,-,-,-,-,-,-,-,-,FW:43317,5
Civil Engineering,CCE,"Christ College of Engineering, Thrissur",S,45110,53422,48429,-,49322,-,-,-,-,-,59809,-,-,"FW:31820, YU:63978",5
Civil Engineering,CEN,"College of Engineering and Technology, Payyannur, Kannur.",S,65359,-,-,-,-,-,-,-,-,-,-,-,-,,5
Civil Engineering,CMA,"Carmel College of Engineering and Technology,Alappuzha",S,50767,51601,53605,64478,-,59399,58274,-,-,-,61896,-,-,FW:39849,5
Civil Engineering,DMC,"M. Dasan Institute of Technology, Kozhikode",S,62753,-,-,-,-,-,-,-,-,-,-,-,-,,5
Civil Engineering,EKC,"Eranad Knowledge City Technical Campus, Malappuram",S,56696,-,61568,-,-,-,-,-,-,-,61881,-,-,FW:29556,5
Civil Engineering,FIT,"Federal Institute of Science and Technology, Ernakulam",S,28849,35012,36734,38094,48786,51331,32157,46873,-,47459,63956,62325,-,FW:22324,5
Civil Engineering,ICE,"Ilahia College of Engineering and Technology, Ernakulam",S,55544,-,60665,-,-,-,-,-,-,-,-,-,-,FW:27069,5
Civil Engineering,IES,"I E S College of Engineering, Thrissur",S,59318,-,-,-,-,-,-,-,-,-,-,-,-,FW:42667,5
Civil Engineering,IGW,"Indira Gandhi Institute of Engineering and Technology, Ernakulam",S,9999,13204,13279,-,-,-,-,-,-,-,12334,-,-,,5
Civil Engineering,JEC,"Jyothi Engineering College, Thrissur",S,57611,62348,57812,-,-,-,-,-,-,-,-,-,-,"FW:28021, YZ:32290",5
Civil Engineering,JIT,"John Cox Memorial C S I Institute of Technology, Thiruvananthapuram",S,56879,-,-,-,-,-,-,-,-,-,-,-,-,,5
Civil Engineering,KIT,"Kottayam Institute of Technology and Science, Kottayam",S,62915,-,-,-,-,-,-,-,-,-,-,-,-,,5
Civil Engineering,KMC,"KMCT College of Engineering, Kozhikode",S,48280,58084,53819,-,-,-,-,-,-,-,62080,-,-,,5
Civil Engineering,KME,"K M E A Engineering College, Cochin",S,64823,-,-,-,-,-,-,-,-,-,-,-,-,FW:38860,5
Civil Engineering,KMW,"KMCT College of Engineering for Women, Kozhikode",S,64617,-,-,-,-,-,-,-,-,-,-,-,-,,5
Civil Engineering,LMC,"Lourdes Matha College of Science and Technology, Thiruvananthapuram",S,63143,-,-,-,-,-,-,-,-,-,-,-,-,FW:36006,5
Civil Engineering,MBC,"Mar Baselios Christian College of Engineering and Technology,Idukki",S,50397,-,-,-,-,-,-,-,-,-,-,-,-,,5
Civil Engineering,MBI,"Mar Baselios Institute of Technology and Science, Ernakulam",S,55954,-,-,-,-,-,60109,-,-,-,60963,-,-,FW:36392,6
Civil Engineering,MBT,"Mar Baselios College of Engineering and Technology, Thiruvananthapuram",S,42987,56518,54194,60299,46052,43137,46171,46072,61545,-,65232,-,-,FW:23463,6
Civil Engineering,MCC,"Musaliar College Of Engineering, Thiruvananthapuram",S,61137,-,-,-,-,-,-,-,-,-,-,-,-,MM:45710,6
Civil Engineering,MCE,"Marian Engineering College, Thiruvananthapuram",S,55717,65221,60266,-,-,-,-,-,-,-,-,-,-,FW:38247,6
Civil Engineering,MCT,"Mohandas College of Engineering and Technology, Thiruvananthapuram",S,60395,-,-,-,-,-,-,-,-,-,-,-,-,,6
Civil Engineering,MEA,"M E A Engineering College, Vengoor",S,38050,-,40799,-,-,-,-,-,-,-,-,-,-,"FW:26591, MM:37968",6
Civil Engineering,MEE,"MES College of Engineering and Technology, Ernakulam",S,58192,-,-,-,-,-,-,-,-,-,-,-,-,,6
Civil Engineering,MEK,"MES Institute of Technology and Management, Kollam",S,53518,-,54328,-,-,-,-,-,-,-,-,-,-,FW:30535,6
Civil Engineering,MES,"M E S College of Engineering, Kuttippuram",S,36276,52265,37524,-,-,-,43436,-,-,-,62046,-,-,FW:19242,6
Civil Engineering,MET,"Mets School of Engineering, Thrissur",S,57990,-,-,-,-,-,-,-,-,-,-,-,-,,6
Civil Engineering,MGP,"Saintgits College of Engineering, Kottayam",S,39069,49403,44798,63752,-,-,46586,47582,-,-,57635,-,-,FW:35051,6
Civil Engineering,MHP,"ACE College Of Engineering, Thiruvananthapuram",S,65411,-,-,-,-,-,-,-,-,-,-,-,-,"FW:49718, MM:42431",6
Civil Engineering,MLM,"Mangalam College of Engineering, Kottayam",S,63780,-,-,-,-,-,-,-,-,-,-,-,-,FW:32206,6
Civil Engineering,MLT,"Malabar Institute of Technology, Kannur",S,62481,-,-,-,-,-,-,-,-,-,-,-,-,,6
Civil Engineering,MUS,"Muslim Association College of Engineering, Thiruvananthapuram",S,58576,-,-,-,-,-,-,-,-,-,-,-,-,MM:63033,6
Civil Engineering,MUT,"Muthoot Institute of Technology and Science,Ernakulam",S,25033,35844,26966,25185,-,29782,31347,47370,-,-,58513,-,49347,FW:20123,6
Civil Engineering,NIE,"Nirmala College of Engineering Technology and Management, Thirissur",S,49577,-,-,-,-,-,-,-,-,-,-,-,-,,6
Civil Engineering,PRC,"Providence College of Engineering, Chengannur",S,62986,-,-,-,-,-,-,-,-,-,-,-,-,FW:50569,6
Civil Engineering,RCE,"Royal College of Engineering and Technology, Thrissur",S,60358,-,-,-,-,-,-,-,-,-,-,-,-,,7
Civil Engineering,RET,"Rajagiri School of Engineering and Technology, Ernakulam",S,16367,22931,19067,21544,-,-,18299,-,-,-,56997,-,-,"FW:15469, YN:24422",7
Civil Engineering,RIE,"Rajadhani Institute of Engineering and Technology, Thiruvananthapuram",S,51880,63530,57515,65348,-,-,63522,-,-,-,62420,-,-,FW:30790,7
Civil Engineering,SBC,"Sree Buddha College of Engineering, Alappuzha",S,51832,63200,64562,-,63109,-,-,-,-,-,-,-,56822,FW:29431,7
Civil Engineering,SCM,"SCMS School of Engineering and Technology, Ernakulam",S,28692,35862,30116,-,-,-,43476,-,-,-,-,-,-,"FW:25146, XS:48682",7
Civil Engineering,SHR,"Sahrdaya College of Engineering and Technology, Thrissur",S,43010,44386,44866,-,-,-,-,-,-,-,-,-,-,"FW:39672, YO:52325",7
Civil Engineering,SIT,"Sarabhai Institute of Science and Technology, Thiruvananthapuram",S,64400,-,-,-,-,-,-,-,-,-,-,-,-,,7
Civil Engineering,SJC,"St Josephs College of Engineering and Technology, Palai",S,48273,59845,56619,-,-,-,-,-,-,-,63316,-,-,"FW:23548, YP:62161",7
Civil Engineering,SNC,"Sree Narayana Guru College of Engineering and Technology, Kannur",S,61240,62498,-,-,-,-,-,-,-,-,-,-,-,,7
Civil Engineering,SNG,"Sree Narayana Gurukulam College of Engineering, Ernakulam",S,58953,-,-,-,-,-,-,-,-,-,-,-,-,,7
Civil Engineering,SNP,"Sree Narayana Institute of Technology, Adoor",S,61514,-,-,-,-,-,-,-,-,-,-,-,-,,7
Civil Engineering,SPT,"Sreepathy Institute of Management and Technology, Palakkad",S,55198,-,-,-,-,-,-,-,-,-,-,-,-,,7
Civil Engineering,STC,"St Thomas Colllege of Engineering and Technology, Alappuzha",S,64483,-,-,-,-,-,-,-,-,-,-,-,-,,7
Civil Engineering,STI,"St. Thomas Institute For Science and Technology, Thiruvananthapuram",S,64679,-,-,-,-,-,-,-,-,-,-,-,-,,7
Civil Engineering,STM,"St.Thomas College of Engineering and Technology,Kannur",S,62354,-,-,-,-,-,-,-,-,-,-,-,-,FW:47984,7
Civil Engineering,TCE,"TOMS College of Engineering,Kottayam",S,54516,-,-,-,-,-,-,-,-,-,-,-,-,,7
Civil Engineering,TCT,"Trinity College of Engineering, Thiruvananthapuram",S,63714,-,-,-,-,-,-,-,-,-,-,-,-,FW:30690,7
Civil Engineering,TEC,"Travancore Engineering College, Kollam",S,64477,-,-,-,-,-,-,-,-,-,-,-,-,,8
Civil Engineering,TJE,"Thejus Engineering College, Thrissur",S,55156,-,-,-,-,-,-,-,-,-,-,-,-,FW:43673,8
Civil Engineering,TKI,"T K M Institute of Technology, Kollam",S,31254,35977,35690,33228,-,33928,49692,-,-,-,61532,-,-,FW:14243,8
Civil Engineering,TOC,"Toc H Institute of Science and Technology, Ernakulam",S,59168,-,-,-,-,-,-,-,-,-,61638,-,-,FW:44819,8
Civil Engineering,UKP,"UKF College of Engineering and Technology, Kollam",S,65087,-,-,-,-,-,-,-,-,-,-,-,-,FW:48284,8
Civil Engineering,UNT,"Universal Engineering College, Thrissur",S,53403,-,-,-,-,-,-,-,-,-,-,-,-,FW:35113,8
Civil Engineering,VAK,"Vidya Academy of Science and Technology, Thiruvananthapuram",S,51569,61468,64800,-,-,59713,-,-,-,-,59405,-,-,FW:27906,8
Civil Engineering,VAS,"Vidya Academy of Science and Technology, Thrissur",S,56598,59792,63299,-,-,-,-,-,-,-,-,-,-,FW:32794,8
Civil Engineering,VIT,"VISAT Engineering College, Ernakulam",S,62855,-,-,-,-,-,-,-,-,-,-,-,-,,8
Civil Engineering,VJC,"Viswajyothi College of Engineering and Technology, Ernakulam",S,54439,64857,57374,-,-,-,-,-,-,-,65334,-,-,,8
Civil Engineering,VKE,"Valia Koonambaikulathamma College of Engineering and Technology, Parippally",S,63905,-,-,-,-,-,-,-,-,-,-,-,-,FW:56382,8
Civil Engineering,VML,"Vimal Jyothi Engineering College, Kannur",S,49482,53229,57525,-,-,-,-,-,-,-,-,-,-,"FW:46907, XS:56077",8
Civil Engineering,VPE,"Mahaguru Institute of Technology, Mavelikkara, Alappuzha",S,63610,-,-,-,-,-,-,-,-,-,-,-,-,,8
Civil Engineering,YCE,"Younus College of Engineering and Technology, Kollam",S,59918,64185,64572,-,-,-,-,-,-,-,-,-,-,"FW:39877, MM:60951",8
Computer Science & Design,KKE,,G,8107,10575,8420,16070,14046,11227,10653,32180,-,-,34094,37486,17124,FW:5196,8
Computer Science & Design,FIT,,S,14391,17837,15963,20239,-,29858,19553,-,-,-,54811,-,23652,FW:11474,8
Computer Science & Design,VJC,,S,45193,46930,60950,-,-,59340,62761,-,-,-,-,-,-,"FW:33168, YQ:54331",8
Computer Science & Design,VML,"Vimal Jyothi Engineering College, Kannur",S,50986,64763,60401,-,-,-,-,-,-,-,-,-,-,FW:28282,9
Chemical Engineering,KKE,"Government Engineering College, Kozhikkode",G,7318,10834,9959,15145,24341,10256,10323,13995,38024,49693,36683,65352,15507,FW:6873,9
Chemical Engineering,TCR,"Govt. Engineering College,Thrissur.",G,6213,8287,7206,12673,15535,9013,7974,12283,21799,48843,27537,50506,11393,"CC:24, FW:3540",9
Chemical Engineering,TKM,"T K M College of Engineering, Kollam.",G,6708,8406,7439,12253,18691,9603,8141,11203,-,32443,30078,-,-,"FW:4597, PD:52803, RP:28860",9
Chemical Engineering,AJC,"Amal Jyothi College of Engineering, Kottayam",S,19556,25469,21775,-,30106,56531,31007,-,-,-,41662,-,-,"FW:13735, YB:51854",9
Chemical Engineering,MGP,"Saintgits College of Engineering, Kottayam",S,27947,29616,29613,59421,-,-,36309,-,-,-,51939,-,-,FW:14556,9
Chemical Engineering,MLM,"Mangalam College of Engineering, Kottayam",S,41882,50520,43004,-,-,-,-,-,-,-,59720,-,-,FW:27502,9
Chemical Engineering,TCE,"TOMS College of Engineering,Kottayam",S,51059,-,63788,-,53709,55838,51739,-,-,-,-,-,-,,9
Computer Science & Engineering (Data Science),MAC,"Mar Athanasius College of Engineering, Kothamangalam",G,4624,5729,5267,9150,16034,6497,5939,24109,24018,21913,33514,60540,-,FW:3307,9
Computer Science & Engineering (Data Science),ADR,"College of Engineering, Adoor",N,23671,28253,25140,29491,55938,25783,32870,-,-,-,37487,-,30253,"FW:16194, MG:51159",9
Computer Science & Engineering (Data Science),TKR,"College of Engineering, Trikaripur",N,43312,48967,46817,-,-,59051,44508,-,50564,-,60339,-,62715,FW:13137,9
Computer Science & Engineering (Data Science),ASI,"Adi Shankara Institute of Engineering and Technology, Ernakulam",S,25420,25867,26602,-,-,-,-,-,-,46611,51236,-,38997,FW:25646,9
Computer Science & Engineering (Data Science),BJK,"Bishop Jerome Institute, Kollam",S,54673,57722,59749,-,-,-,-,-,-,-,-,-,-,"FW:27177, YC:57311",9
Computer Science & Engineering (Data Science),CCE,"Christ College of Engineering, Thrissur",S,24755,29692,31604,63857,-,-,39216,-,-,48714,50797,-,-,FW:19241,9
Computer Science & Engineering (Data Science),CEN,"College of Engineering and Technology, Payyannur, Kannur.",S,63284,-,-,-,-,-,-,-,-,-,-,-,-,FW:50756,9
Computer Science & Engineering (Data Science),HGW,"Holy Grace Academy of Engineering, Thrissur",S,63892,-,-,-,-,-,-,-,-,-,-,-,-,,10
Computer Science & Engineering (Data Science),IES,"I E S College of Engineering, Thrissur",S,63629,-,-,-,-,-,-,-,-,-,-,-,-,FW:38377,10
Computer Science & Engineering (Data Science),JCE,"Jawaharlal College of Engineering and Technology, Palakkad",S,45003,52939,47074,-,-,-,51144,-,-,-,58819,-,-,FW:29171,10
Computer Science & Engineering (Data Science),MBI,"Mar Baselios Institute of Technology and Science, Ernakulam",S,40218,51737,49624,-,57718,53519,43775,-,-,-,-,-,-,"FW:31442, YH:54967",10
Computer Science & Engineering (Data Science),SCM,"SCMS School of Engineering and Technology, Ernakulam",S,22732,24431,23446,24933,30777,29737,23202,-,-,-,60326,-,36124,FW:16278,10
Computer Science & Engineering (Data Science),SNP,"Sree Narayana Institute of Technology, Adoor",S,57675,-,-,-,-,-,-,-,-,-,-,-,-,FW:50892,10
Computer Science & Engineering (Data Science),STC,"St Thomas Colllege of Engineering and Technology, Alappuzha",S,63810,-,-,-,-,-,-,-,-,-,-,-,-,,10
Computer Science & Engineering (Data Science),STI,"St. Thomas Institute For Science and Technology, Thiruvananthapuram",S,62176,64850,64930,-,-,-,-,-,-,-,-,-,-,FW:36135,10
Computer Science & Engineering (Data Science),STM,"St.Thomas College of Engineering and Technology,Kannur",S,52114,58330,65202,-,-,-,54197,-,-,-,-,-,63924,FW:38148,10
Computer Science & Engineering (Data Science),TCT,"Trinity College of Engineering, Thiruvananthapuram",S,64332,-,-,-,-,-,-,-,-,-,-,-,-,,10
Computer Science & Engineering (Data Science),UKP,"UKF College of Engineering and Technology, Kollam",S,58226,64718,-,-,-,-,-,-,-,-,-,-,-,FW:37786,10
Computer Science & Engineering (Data Science),VIT,"VISAT Engineering College, Ernakulam",S,65189,-,-,-,-,-,-,-,-,-,-,-,-,FW:54695,10
Computer Science & Engineering (Data Science),VPE,"Mahaguru Institute of Technology, Mavelikkara, Alappuzha",S,51534,-,-,-,-,-,-,-,-,-,-,-,-,,10
Computer Science & Engineering (Data Science),YCE,"Younus College of Engineering and Technology, Kollam",S,65140,-,-,-,-,-,-,-,-,-,-,-,-,MM:52230,10
Computer Science and Engineering,IDK,"Government Engineering College, Idukki",G,-,10050,5856,30552,26393,8645,9503,25652,-,-,30508,47858,18437,"CC:45, FW:4107",10
Computer Science and Engineering,KNR,"Government College of Engineering, Kannur",G,3561,5585,4813,9348,12055,5208,5408,-,-,32405,21143,16602,7537,"FW:2936, PD:43629, PT:7",11
Computer Science and Engineering,KTE,"Govt. Rajiv Gandhi Institute of Tech., Kottayam.",G,3149,3764,3548,5328,11435,4028,3483,12678,15277,6912,19157,47357,4705,"CC:20, FW:2152, PD:49556",11
Computer Science and Engineering,MAC,"Mar Athanasius College of Engineering, Kothamangalam",G,2286,2463,2616,5533,8311,2953,2375,11928,14545,-,15637,33860,-,"CC:21, FW:1881",11
Computer Science and Engineering,NSS,"N S S College of Engineering, Palakkad",G,3594,4923,4611,9276,12597,6794,4518,16707,24125,15784,19921,52478,7010,"FW:2725, SG:29336, XS:3826",11
Computer Science and Engineering,PKD,"Government Engineering College, Palakkad",G,3552,7202,4649,13042,12917,7172,6884,19786,6710,20495,25880,44341,8234,"FW:3405, SD:13636",11
Computer Science and Engineering,TCR,"Govt. Engineering College,Thrissur.",G,947,1288,1051,4605,4586,1224,962,9522,4645,9593,8152,22632,2231,"CC:11, FW:814, PD:33336",11
Computer Science and Engineering,TKM,"T K M College of Engineering, Kollam.",G,1596,1818,1753,3568,8878,2079,2091,3102,9261,15551,13465,30898,-,"CC:12, FW:1034, PD:33740, RP:4089",11
Computer Science and Engineering,TVE,"College of Engineering,Thiruvananthapuram.",G,584,890,750,2086,1016,808,749,1495,4021,2593,7027,13156,1452,"CC:1, FW:452, PD:27362",11
Computer Science and Engineering,WYD,"Government Engineering College, Wayanad",G,-,11014,5802,35933,24808,12429,11506,-,31317,55132,41249,45020,20705,"FW:5750, PI:9",11
Computer Science and Engineering,ADR,"College of Engineering, Adoor",N,19471,22509,22943,39348,40653,19622,24778,24725,58151,-,48838,-,28250,"FW:14605, MG:41648",11
Computer Science and Engineering,AEC,"College of Engineering of Aranmula, Pathanamthitta",N,48509,54662,57618,-,63059,50512,55793,-,-,-,61995,-,57974,FW:25270,11
Computer Science and Engineering,CEA,"College of Engineering, Attingal",N,29338,31536,33588,52378,58904,36133,33882,47334,65265,-,61598,-,42157,"FW:18978, MG:46961",11
Computer Science and Engineering,CEC,"College of Engineering, Cherthala",N,18828,22153,20387,27453,29211,23250,26619,-,31158,-,51907,-,32012,"FW:13558, MG:48995",11
Computer Science and Engineering,CEK,"College of Engineering,Kottarakkara, Kollam",N,43332,51469,49991,64843,54206,52103,55092,50490,-,-,62802,-,63045,MG:62367,11
Computer Science and Engineering,CEM,"College of Engineering Muttathara, Thiruvananthapuram",N,36435,48299,43231,49702,56983,45074,38027,47488,62008,-,59474,65186,62182,"CB:62547, FW:17942",11
Computer Science and Engineering,CHN,"College of Engineering,Chengannur",N,9492,12022,11170,18051,18130,12798,11818,19621,29908,24870,37496,-,15779,"FW:7727, MG:20099",11
Computer Science and Engineering,KGR,"College of Engineering Kidangoor, KOTTAYAM",N,22846,28053,30050,43267,55587,24264,37348,28364,44308,-,59314,-,53667,"CB:55315, FW:12109, MG:49601",11
Computer Science and Engineering,KNP,"College of Engineering, Karunagappally, Kollam",N,24532,27371,26864,35722,38921,26250,28852,48836,-,53947,59073,-,43112,"FW:20653, MG:55990",11
Computer Science and Engineering,KSD,"LBS College of Engineering, Kasaragod",N,18154,23219,20794,47508,56770,25454,23327,53579,46430,-,62557,22487,32850,"FW:11220, MG:41204, PD:63982",11
Computer Science and Engineering,LBT,"LBS Institute of Technology for Women, Thiruvananthapuram",N,13233,15842,16307,25191,31705,18864,15019,14829,34411,48484,48987,-,20608,"FW:9747, MG:25904",12
Computer Science and Engineering,MDL,"Model Engineering College, Ernakulam",N,1595,2350,2038,4256,7062,2613,1964,6848,3789,16975,16285,36998,3178,"FW:1406, MG:3493, PD:48879",12
Computer Science and Engineering,MNR,"College of Engineering, Munnar",N,20966,23735,21358,42742,-,34112,23420,-,-,-,57108,-,47589,"FW:11332, MG:50872",12
Computer Science and Engineering,PEC,"College of Engineering Pathanapuram, Kollam",N,39556,49720,49935,59895,58097,39645,45056,-,-,-,62049,-,54306,"CB:62116, FW:19352",12
Computer Science and Engineering,PJR,"College of Engineering Poonjar, Kottayam",N,43616,49022,51878,56896,58045,51512,53572,44370,-,50347,63836,-,64501,"FW:28915, MG:64688",12
Computer Science and Engineering,PRN,"College of Engineering Perumon, Kollam",N,16395,22083,18122,19976,23497,17585,20978,27675,-,-,50544,-,29046,"CB:52109, FW:10513, MG:32306",12
Computer Science and Engineering,PRP,"CAPE College of Engineering, Punnapra, Alappuzha",N,40124,51689,47727,55334,48413,50491,54347,40389,-,-,64309,-,52387,FW:21292,12
Computer Science and Engineering,PTA,"College of Engineering, Kallooppara, Thiruvalla",N,30419,34311,37752,-,41378,36311,34155,30518,-,-,57648,-,43422,"FW:23037, MG:61696",12
Computer Science and Engineering,SCT,"S C T College of Engineering, Thiruvananthapuram",N,5711,7131,6933,7650,10939,9991,6542,6129,19377,33053,23674,48666,11106,"FW:4784, MG:9804",12
Computer Science and Engineering,TKR,"College of Engineering, Trikaripur",N,24868,29169,30145,-,27525,25697,27272,-,-,-,60160,-,43183,"FW:16889, MG:46366",12
Computer Science and Engineering,TLY,"College of Engineering,Thalassery, Kannur",N,14209,18936,15116,38788,37364,16304,15984,28154,32984,-,51348,-,26237,"CB:54238, FW:10354, MG:26631",12
Computer Science and Engineering,UCC,"Institute of Engineering and Technology, Malappuram",N,26344,32291,27117,38708,-,33349,36605,60253,-,-,64646,-,51455,FW:13719,12
Computer Science and Engineering,UCE,"University College of Engineering,Thodupuzha",N,38451,46660,43947,-,62469,46867,44225,-,-,-,62613,-,58176,FW:21401,12
Computer Science and Engineering,UCK,"University College of Engineering, Kariavattom, Thiruvananthapuram",N,19858,22671,25039,23700,42378,22832,25417,20470,30869,38592,52528,-,28171,"FW:13026, MG:32517",12
Computer Science and Engineering,VDA,"College of Engineering, Vadakara",N,17419,22313,19195,51234,34928,22754,20077,-,-,-,56079,-,36807,"FW:10406, MG:33743",12
Computer Science and Engineering,AAE,"Al-Azhar College of Engineering and Technology, Idukki",S,63735,-,-,-,-,-,-,-,-,-,-,-,-,FW:43040,12
Computer Science and Engineering,AAP,"Al-Ameen Engineering College, Palakkad",S,65276,-,-,-,-,-,-,-,-,-,-,-,-,FW:41498,12
Computer Science and Engineering,AIK,"Albertian Institute of Science and Technology, Kochi",S,35770,43009,40152,36847,48977,46546,55468,-,-,-,-,-,-,"FW:26160, YA:55790",12
Computer Science and Engineering,AJC,"Amal Jyothi College of Engineering, Kottayam",S,17640,22251,20916,30319,30954,23427,23011,32986,-,56363,60049,-,-,"FW:11721, YB:30906",12
Computer Science and Engineering,AME,"Rajadhani Institute of Science and Technology, Palakkad",S,62772,-,-,-,-,-,-,-,-,-,-,-,-,,13
Computer Science and Engineering,ASI,"Adi Shankara Institute of Engineering and Technology, Ernakulam",S,22702,27850,24866,34618,26915,27487,34330,45173,50738,-,65129,-,38961,FW:17516,13
Computer Science and Engineering,ATP,"Ahalia School of Engineering and Technology, Palakkad",S,49095,55814,55897,-,-,55500,49759,-,-,-,-,-,51450,FW:25759,13
Computer Science and Engineering,AWH,"AWH Engineering College, Kozhikkode",S,47853,55090,52665,-,-,-,57596,-,-,-,-,-,-,FW:27966,13
Computer Science and Engineering,BJK,"Bishop Jerome Institute, Kollam",S,44925,46218,55566,48332,-,-,63949,-,-,-,62664,-,-,"FW:31808, YC:64345",13
Computer Science and Engineering,BMC,"Baselios Mathews II College of Engineering, Kollam",S,65121,-,-,-,-,-,-,-,-,-,-,-,-,FW:45982,13
Computer Science and Engineering,CCE,"Christ College of Engineering, Thrissur",S,20489,25667,24926,39904,29348,31433,28992,44639,52289,33275,60719,-,-,"FW:14944, YU:63574",13
Computer Science and Engineering,CCV,"MGM TECHNOLOGICAL CAMPUS,Valanchery",S,63588,-,-,-,-,-,-,-,-,-,-,-,-,,13
Computer Science and Engineering,CEN,"College of Engineering and Technology, Payyannur, Kannur.",S,60887,62863,63164,-,-,-,61767,-,-,-,65321,-,-,,13
Computer Science and Engineering,CIM,"Mentor Academy for Design Entrepreneurship Innovation and Technology , Ettapilly, Ernakulam",S,61372,-,-,-,-,-,-,-,-,-,-,-,-,,13
Computer Science and Engineering,CMA,"Carmel College of Engineering and Technology,Alappuzha",S,44521,61515,48206,49332,53285,-,-,-,-,-,61616,-,-,"FW:31790, YY:63715",13
Computer Science and Engineering,DMC,"M. Dasan Institute of Technology, Kozhikode",S,52752,59245,55714,-,-,-,61729,-,-,-,-,-,-,FW:36010,13
Computer Science and Engineering,ECE,"ICCS College of Engineering and Management, Thrissur",S,62288,-,-,-,-,-,-,-,-,-,-,-,-,,13
Computer Science and Engineering,EKC,"Eranad Knowledge City Technical Campus, Malappuram",S,49048,51004,52699,-,-,-,-,-,-,-,-,-,-,FW:35415,13
Computer Science and Engineering,FIT,"Federal Institute of Science and Technology, Ernakulam",S,9697,11379,10710,13463,14138,13091,11102,39752,30389,33044,36153,-,15579,FW:8426,13
Computer Science and Engineering,GIK,"Gregorian Institute of Technology,Kanjirampara,Kottayam",S,53407,-,-,-,-,-,-,-,-,-,-,-,-,,13
Computer Science and Engineering,HGW,"Holy Grace Academy of Engineering, Thrissur",S,62357,-,-,-,-,-,-,-,-,-,-,-,-,FW:31725,13
Computer Science and Engineering,ICE,"Ilahia College of Engineering and Technology, Ernakulam",S,49247,59877,51405,-,58480,-,-,-,-,58605,63690,-,-,FW:35351,14
Computer Science and Engineering,IES,"I E S College of Engineering, Thrissur",S,49959,54995,54598,-,58447,-,59368,-,-,-,64404,-,-,FW:33116,14
Computer Science and Engineering,IGW,"Indira Gandhi Institute of Engineering and Technology, Ernakulam",S,65408,-,-,-,-,-,-,-,-,-,-,-,-,FW:45962,14
Computer Science and Engineering,JBT,"Jai Bharath College of Management and Engineering Technology, Ernakulam",S,64947,-,-,-,-,-,-,-,-,-,-,-,-,,14
Computer Science and Engineering,JCE,"Jawaharlal College of Engineering and Technology, Palakkad",S,37142,43419,46348,-,-,60306,39255,-,-,-,63804,-,61086,FW:23217,14
Computer Science and Engineering,JEC,"Jyothi Engineering College, Thrissur",S,25629,34042,33022,63988,30372,37075,27006,-,-,54983,58337,-,-,FW:16337,14
Computer Science and Engineering,JIT,"John Cox Memorial C S I Institute of Technology, Thiruvananthapuram",S,63107,-,-,-,-,-,-,-,-,-,-,-,-,FW:50208,14
Computer Science and Engineering,KIT,"Kottayam Institute of Technology and Science, Kottayam",S,63210,-,-,-,-,-,-,-,-,-,-,-,-,,14
Computer Science and Engineering,KMC,"KMCT College of Engineering, Kozhikode",S,31621,38506,32688,-,-,36165,42655,-,-,-,52970,-,-,FW:15084,14
Computer Science and Engineering,KME,"K M E A Engineering College, Cochin",S,47326,57480,51268,64200,50875,60903,52348,-,-,55539,62155,-,-,FW:27307,14
Computer Science and Engineering,KMI,"KMCT Institute of Technology and Management,Kuttipuram,Malappuram",S,61154,-,62304,-,-,-,-,-,-,-,-,-,-,FW:34663,14
Computer Science and Engineering,KMT,"KMCT Institute of Emerging Technology and Management, Mukkam, Kozhikode",S,44178,62806,47172,-,45661,-,58394,-,-,-,60318,-,-,FW:24906,14
Computer Science and Engineering,KMV,"KMCT College of Engineering for Emerging Technologies & Management, Vadakara",S,62017,62404,63990,-,-,-,-,-,-,-,-,-,64757,,14
Computer Science and Engineering,KMW,"KMCT College of Engineering for Women, Kozhikode",S,56970,-,-,-,-,-,-,-,-,-,-,-,60709,FW:28162,14
Computer Science and Engineering,KMY,"KMCT College of Engineering for Emerging Technologies & Management, Perinthalmanna, Malappuram",S,48935,54782,56620,-,-,-,-,-,-,-,-,-,-,,14
Computer Science and Engineering,KMZ,"KMCT College of Engineering for Emerging Technologies & Management, Kasargod",S,60557,-,62633,-,-,-,-,-,-,-,-,-,62825,,14
Computer Science and Engineering,KVE,"KVM College of Engineering and Information Technology, Alappuzha",S,49470,-,-,-,-,-,-,-,-,-,-,-,-,,14
Computer Science and Engineering,LMC,"Lourdes Matha College of Science and Technology, Thiruvananthapuram",S,52386,64520,52895,-,56803,56351,53878,53230,-,-,63815,-,-,"FW:33277, YG:54913",15
Computer Science and Engineering,MBC,"Mar Baselios Christian College of Engineering and Technology,Idukki",S,65269,-,-,-,-,-,-,-,-,-,-,-,-,FW:29393,15
Computer Science and Engineering,MBI,"Mar Baselios Institute of Technology and Science, Ernakulam",S,40052,50214,45565,51520,55389,48475,46519,60956,-,-,59654,-,-,FW:23562,15
Computer Science and Engineering,MBT,"Mar Baselios College of Engineering and Technology, Thiruvananthapuram",S,13714,16366,15472,22910,16438,15720,17034,16354,-,53358,47836,53228,-,FW:13481,15
Computer Science and Engineering,MCC,"Musaliar College Of Engineering, Thiruvananthapuram",S,62921,-,-,-,-,-,-,-,-,-,-,-,-,MM:35207,15
Computer Science and Engineering,MCE,"Marian Engineering College, Thiruvananthapuram",S,34362,45713,37255,35808,56255,44287,42624,36891,49352,-,58984,-,-,"FW:24514, RP:53201, YJ:62188",15
Computer Science and Engineering,MCK,"Musaliar College of Engineering and Technology, Pathanamthitta",S,56312,-,-,-,-,-,-,-,-,-,-,-,-,,15
Computer Science and Engineering,MCT,"Mohandas College of Engineering and Technology, Thiruvananthapuram",S,54984,64181,64037,-,-,64440,63524,63767,-,-,-,-,-,FW:33303,15
Computer Science and Engineering,MEA,"M E A Engineering College, Vengoor",S,28406,61425,29021,-,-,39560,-,-,-,-,62556,-,-,"FW:16490, MM:27133",15
Computer Science and Engineering,MEC,"Malabar College of Engineering and Technology, Thrissur",S,58821,-,-,-,-,-,-,-,-,-,-,-,-,FW:49794,15
Computer Science and Engineering,MEE,"MES College of Engineering and Technology, Ernakulam",S,46249,56406,48573,58292,-,-,61227,-,-,-,-,-,-,XS:53101,15
Computer Science and Engineering,MEK,"MES Institute of Technology and Management, Kollam",S,61589,-,63310,-,-,-,-,-,-,-,64174,-,-,FW:35567,15
Computer Science and Engineering,MES,"M E S College of Engineering, Kuttippuram",S,21840,38783,23111,-,40614,47882,29770,-,62232,-,64914,-,-,FW:12894,15
Computer Science and Engineering,MET,"Mets School of Engineering, Thrissur",S,60135,-,-,-,-,-,-,-,-,-,-,-,-,,15
Computer Science and Engineering,MGC,"M G College of Engineering, Thiruvananthapuram",S,57680,60393,-,-,-,61644,58022,-,-,-,61753,-,-,,15
Computer Science and Engineering,MGE,"MGM College of Engineering & Technology, Ernakulam",S,62436,-,-,-,-,-,-,-,-,-,-,-,-,,15
Computer Science and Engineering,MGP,"Saintgits College of Engineering, Kottayam",S,14441,18475,15931,15857,28753,25961,15632,32846,-,31655,54372,-,-,FW:12652,15
Computer Science and Engineering,MHP,"ACE College Of Engineering, Thiruvananthapuram",S,46232,56396,49506,47296,-,-,46570,-,-,-,58851,-,-,"FW:34393, MM:9524",15
Computer Science and Engineering,MLM,"Mangalam College of Engineering, Kottayam",S,64111,-,64217,-,-,-,64299,-,-,-,64172,-,-,FW:47596,16
Computer Science and Engineering,MLT,"Malabar Institute of Technology, Kannur",S,62430,-,-,-,-,-,-,-,-,-,-,-,-,FW:42606,16
Computer Science and Engineering,MUS,"Muslim Association College of Engineering, Thiruvananthapuram",S,-,-,-,-,-,-,-,-,-,-,-,-,-,"FW:64065, MM:42345",16
Computer Science and Engineering,MUT,"Muthoot Institute of Technology and Science,Ernakulam",S,8224,10468,9257,17919,23493,11624,11251,34208,52312,35951,41425,61410,17009,FW:6917,16
Computer Science and Engineering,MZC,"Mount Zion College of Engineering, Pathanamthitta",S,64373,-,-,-,-,-,-,-,-,-,-,-,-,FW:58790,16
Computer Science and Engineering,NCE,"Nehru College of Engineering and Research Centre, Thrissur",S,48283,53666,54413,58647,49187,49227,56230,-,-,-,50925,-,-,FW:26710,16
Computer Science and Engineering,NIE,"Nirmala College of Engineering Technology and Management, Thirissur",S,65320,-,-,-,-,-,-,-,-,-,-,-,-,FW:43700,16
Computer Science and Engineering,PRC,"Providence College of Engineering, Chengannur",S,59560,63155,60074,-,-,64648,61371,-,-,-,61730,-,-,FW:36590,16
Computer Science and Engineering,RCE,"Royal College of Engineering and Technology, Thrissur",S,63123,-,-,-,-,-,-,-,-,-,-,-,-,FW:50129,16
Computer Science and Engineering,RET,"Rajagiri School of Engineering and Technology, Ernakulam",S,5818,7194,6845,11383,10860,11030,9769,27434,23661,24548,36364,56862,-,"FW:4820, YN:10665",16
Computer Science and Engineering,RIE,"Rajadhani Institute of Engineering and Technology, Thiruvananthapuram",S,46457,57656,53750,59180,-,65037,60728,-,51770,-,64828,-,63330,FW:27989,16
Computer Science and Engineering,SBC,"Sree Buddha College of Engineering, Alappuzha",S,52998,61674,64942,64970,57795,62223,64417,-,-,-,-,-,64113,FW:37555,16
Computer Science and Engineering,SCM,"SCMS School of Engineering and Technology, Ernakulam",S,17825,21702,20173,29841,31367,24475,21478,41044,60089,58921,59594,-,32960,FW:13397,16
Computer Science and Engineering,SHR,"Sahrdaya College of Engineering and Technology, Thrissur",S,37078,43624,43311,-,53417,-,41589,56568,-,-,62004,-,-,"FW:24079, YO:53939",16
Computer Science and Engineering,SIT,"Sarabhai Institute of Science and Technology, Thiruvananthapuram",S,63681,-,-,-,-,-,-,-,-,-,-,-,-,FW:52662,16
Computer Science and Engineering,SJC,"St Josephs College of Engineering and Technology, Palai",S,25818,32773,32019,53381,42186,33910,30741,44044,-,-,65093,-,-,"FW:22005, YP:36062",16
Computer Science and Engineering,SNC,"Sree Narayana Guru College of Engineering and Technology, Kannur",S,59759,64287,65271,-,-,-,64398,60964,-,-,-,-,-,FW:31041,16
Computer Science and Engineering,SNG,"Sree Narayana Gurukulam College of Engineering, Ernakulam",S,52190,65279,64325,64342,56047,59815,62506,-,-,-,61708,-,-,FW:31824,17
Computer Science and Engineering,SNM,"SNM Institute of Management and Technology, Ernakulam",S,58965,-,-,-,-,-,-,-,-,-,-,-,-,,17
Computer Science and Engineering,SNP,"Sree Narayana Institute of Technology, Adoor",S,64014,-,-,-,-,-,-,-,-,-,-,-,-,,17
Computer Science and Engineering,SPT,"Sreepathy Institute of Management and Technology, Palakkad",S,62237,62874,-,-,-,-,64761,-,-,-,-,-,-,FW:31684,17
Computer Science and Engineering,STC,"St Thomas Colllege of Engineering and Technology, Alappuzha",S,65255,-,-,-,-,-,-,-,-,-,-,-,-,FW:47262,17
Computer Science and Engineering,STI,"St. Thomas Institute For Science and Technology, Thiruvananthapuram",S,61167,64469,-,63103,-,-,64799,64887,-,-,-,-,-,FW:47393,17
Computer Science and Engineering,STM,"St.Thomas College of Engineering and Technology,Kannur",S,45037,53055,46582,-,-,54517,45895,-,-,-,-,-,-,FW:28012,17
Computer Science and Engineering,TCE,"TOMS College of Engineering,Kottayam",S,57340,-,-,-,-,-,-,-,-,-,-,-,-,,17
Computer Science and Engineering,TEC,"Travancore Engineering College, Kollam",S,62884,-,-,-,-,-,-,-,-,-,-,-,-,,17
Computer Science and Engineering,TJE,"Thejus Engineering College, Thrissur",S,59063,63604,63916,-,-,59547,-,-,-,-,-,-,-,FW:34833,17
Computer Science and Engineering,TKI,"T K M Institute of Technology, Kollam",S,34386,40860,37817,44194,63757,54125,49391,55127,-,-,63707,-,-,FW:22879,17
Computer Science and Engineering,TOC,"Toc H Institute of Science and Technology, Ernakulam",S,30252,40284,33617,34316,39207,30946,39197,56559,-,52402,63664,-,61032,FW:22134,17
Computer Science and Engineering,UKP,"UKF College of Engineering and Technology, Kollam",S,53945,61998,65003,63352,-,55860,55569,-,61352,-,59478,-,58461,FW:31991,17
Computer Science and Engineering,UNT,"Universal Engineering College, Thrissur",S,57080,62166,61321,-,-,-,-,-,-,-,61631,-,59287,FW:31304,17
Computer Science and Engineering,VAK,"Vidya Academy of Science and Technology, Thiruvananthapuram",S,52754,59260,63351,-,-,54444,61864,-,-,-,64489,-,-,FW:26979,17
Computer Science and Engineering,VAS,"Vidya Academy of Science and Technology, Thrissur",S,38902,46186,47777,-,52364,52104,42819,-,43234,-,63637,-,64852,FW:22195,17
Computer Science and Engineering,VIT,"VISAT Engineering College, Ernakulam",S,61142,61419,65157,-,65020,-,-,-,-,-,-,-,-,,17
Computer Science and Engineering,VJC,"Viswajyothi College of Engineering and Technology, Ernakulam",S,26645,33706,29417,32685,46894,28384,42361,29435,57448,-,52957,64817,-,"FW:18756, YQ:43889",17
Computer Science and Engineering,VKE,"Valia Koonambaikulathamma College of Engineering and Technology, Parippally",S,64784,-,-,-,-,-,-,-,-,-,-,-,-,FW:37572,17
Computer Science and Engineering,VML,"Vimal Jyothi Engineering College, Kannur",S,38169,47078,45826,-,49748,54032,42970,-,47664,-,57772,64668,-,FW:19221,18
Computer Science and Engineering,VPE,"Mahaguru Institute of Technology, Mavelikkara, Alappuzha",S,65044,-,-,-,-,-,-,-,-,-,-,-,-,FW:51029,18
Computer Science and Engineering,VVT,"Veda Vyasa Institute of Technology, Malappuram.",S,54273,-,-,-,-,-,-,-,-,-,-,-,-,FW:57281,18
Computer Science and Engineering,YCE,"Younus College of Engineering and Technology, Kollam",S,61214,64204,63068,-,-,62013,-,-,-,-,61282,-,-,"FW:29082, MM:45873",18
Computer Science and Engineering (Artificial Intelligence),TKM,"T K M College of Engineering, Kollam.",G,2218,2740,2561,6363,4616,3707,2488,-,-,-,13969,59175,-,"FW:1770, PD:50676",18
Computer Science and Engineering (Artificial Intelligence),TKR,"College of Engineering, Trikaripur",N,37693,47276,39763,-,-,39192,39634,64060,-,-,64862,-,54987,"CB:33707, FW:22339",18
Computer Science and Engineering (Artificial Intelligence),AJC,"Amal Jyothi College of Engineering, Kottayam",S,21951,24268,23946,32568,45667,25742,25119,-,-,-,61989,-,-,"FW:20308, YB:38847",18
Computer Science and Engineering (Artificial Intelligence),ASI,"Adi Shankara Institute of Engineering and Technology, Ernakulam",S,24369,28637,26354,32273,-,34769,35741,-,44376,38097,50434,-,35648,FW:21255,18
Computer Science and Engineering (Artificial Intelligence),BJK,"Bishop Jerome Institute, Kollam",S,47038,53697,50317,50668,-,62856,65289,-,-,-,-,-,-,"FW:28134, YC:61202",18
Computer Science and Engineering (Artificial Intelligence),LMC,"Lourdes Matha College of Science and Technology, Thiruvananthapuram",S,53306,60527,63319,61624,-,-,53598,-,-,-,-,-,-,FW:33702,18
Computer Science and Engineering (Artificial Intelligence),MBC,"Mar Baselios Christian College of Engineering and Technology,Idukki",S,62655,-,-,-,-,-,64247,-,-,-,-,-,-,FW:39043,18
Computer Science and Engineering (Artificial Intelligence),MBT,"Mar Baselios College of Engineering and Technology, Thiruvananthapuram",S,16855,19795,21621,19060,27954,29953,17818,-,-,-,46926,-,-,FW:12982,18
Computer Science and Engineering (Artificial Intelligence),MEK,"MES Institute of Technology and Management, Kollam",S,58554,-,60045,-,-,-,-,-,-,-,-,-,-,FW:35924,18
Computer Science and Engineering (Artificial Intelligence),MES,"M E S College of Engineering, Kuttippuram",S,23279,49766,24791,-,-,-,64208,-,-,-,-,-,-,,18
Computer Science and Engineering (Artificial Intelligence),MLT,"Malabar Institute of Technology, Kannur",S,64036,-,-,-,-,-,-,-,-,-,-,-,-,FW:50193,18
Computer Science and Engineering (Artificial Intelligence),MUT,"Muthoot Institute of Technology and Science,Ernakulam",S,12556,15725,14613,18016,14772,14497,16984,28538,-,-,56397,-,25908,FW:9165,18
Computer Science and Engineering (Artificial Intelligence),PRC,"Providence College of Engineering, Chengannur",S,48508,65045,-,-,-,65005,-,-,-,-,-,-,54417,FW:33442,18
Computer Science and Engineering (Artificial Intelligence),SCM,"SCMS School of Engineering and Technology, Ernakulam",S,19683,22786,20918,23174,21019,20770,23554,-,-,-,51839,-,31391,FW:15816,19
Computer Science and Engineering (Artificial Intelligence),SJC,"St Josephs College of Engineering and Technology, Palai",S,29823,33124,42083,49488,52353,36949,30888,53774,-,-,61721,-,-,"FW:23658, YP:48584",19
Computer Science and Engineering (Artificial Intelligence),SNM,"SNM Institute of Management and Technology, Ernakulam",S,63740,-,-,-,-,-,-,-,-,-,-,-,-,FW:34823,19
Computer Science and Engineering (Artificial Intelligence),TJE,"Thejus Engineering College, Thrissur",S,57382,64915,61602,60725,-,-,63288,-,-,-,59445,-,59315,,19
Computer Science and Engineering (Artificial Intelligence),TKI,"T K M Institute of Technology, Kollam",S,33745,40283,40362,56505,46882,49869,41925,-,-,-,65173,-,-,FW:21283,19
Civil and Environmental Engineering,WYD,"Government Engineering College, Wayanad",G,16940,18706,17621,36444,-,25969,22186,-,-,-,53267,27096,48203,FW:11492,19
Dairy Technology.,CDI,"College of Dairy Science & Technology, Kolahalamedu, Idukki",G,20547,24128,23320,45040,60677,49101,-,-,-,-,52781,-,57010,,19
Dairy Technology.,CDP,"College of Dairy Science and Technology, Pookode",G,17545,23516,22606,39800,-,-,30932,-,-,-,41353,58327,47265,,19
Dairy Technology.,CDT,"Verghese Kurien Institue of Dairy & Food Technology, Mannuthy, Thrissur",G,14821,21911,15664,36697,20105,-,21343,59017,-,22155,22719,-,26923,PI:57,19
Dairy Technology.,CDV,"College of Dairy Science and Technology, Thiruvananthapuram",G,16661,20342,19436,-,-,18137,26654,-,-,-,33239,24999,38697,,19
Electronics and Communication Engineering,IDK,"Government Engineering College, Idukki",G,-,14422,8520,17635,40798,19360,13093,32501,40931,44339,46981,-,31741,"FW:7555, PI:42",19
Electronics and Communication Engineering,KKE,"Government Engineering College, Kozhikkode",G,4538,9064,6922,13685,21174,8780,8456,22546,16117,-,30879,64727,11821,FW:4491,20
Electronics and Communication Engineering,KNR,"Government College of Engineering, Kannur",G,4744,7014,7022,13494,19503,6648,6456,39978,26857,35302,28685,61816,11164,"CC:18, FW:3485, PD:64031",20
Electronics and Communication Engineering,KTE,"Govt. Rajiv Gandhi Institute of Tech., Kottayam.",G,3781,4070,4045,8585,5920,4063,4472,-,-,19929,20780,9826,5429,"CC:13, FW:2635, PD:35485, SD:4830",20
Electronics and Communication Engineering,MAC,"Mar Athanasius College of Engineering, Kothamangalam",G,3083,3665,3592,8072,11354,3895,4075,12918,19303,21754,26798,-,-,"CC:14, FW:2343, PT:8",20
Electronics and Communication Engineering,NSS,"N S S College of Engineering, Palakkad",G,4763,5575,5205,10580,13079,5850,5199,22988,15827,19653,29214,50605,8119,"CC:31, FW:3195, PT:10",20
Electronics and Communication Engineering,PKD,"Government Engineering College, Palakkad",G,4707,7796,6977,12111,26607,8526,7736,44354,22123,38085,30268,54871,10723,"CC:43, FW:5165, PI:5",20
Electronics and Communication Engineering,TCR,"Govt. Engineering College,Thrissur.",G,1331,1700,1502,5903,4118,1662,1896,5619,10649,11873,13393,47633,3436,"FW:1071, PD:32889, PI:4",20
Electronics and Communication Engineering,TKM,"T K M College of Engineering, Kollam.",G,1878,2366,1962,5037,2672,2884,2201,5375,14447,8299,19705,39309,-,"FW:1341, PI:3",20
Electronics and Communication Engineering,TRV,"Government Engineering College Barton Hill, Thiruvananthapuram",G,3694,4793,4274,6440,14126,4562,4414,7449,17553,22192,22863,-,6769,"CC:3, FW:2822",20
Electronics and Communication Engineering,TVE,"College of Engineering,Thiruvananthapuram.",G,601,1079,795,2187,1641,1024,925,1385,2035,3384,7147,25313,1759,"FW:286, PD:62893",20
Electronics and Communication Engineering,WYD,"Government Engineering College, Wayanad",G,-,14375,8818,47870,53716,19483,17687,60832,40970,-,52785,-,31899,"CC:37, FW:7971, SD:64324",20
Electronics and Communication Engineering,ADR,"College of Engineering, Adoor",N,23040,25358,25517,43274,46019,24524,23877,-,42694,-,62424,-,36937,"FW:15188, MG:36160",20
Electronics and Communication Engineering,AEC,"College of Engineering of Aranmula, Pathanamthitta",N,63137,-,-,-,-,-,-,-,-,-,-,-,-,,20
Electronics and Communication Engineering,CEA,"College of Engineering, Attingal",N,29725,38008,40069,64266,-,40055,30412,-,-,-,59651,62743,54885,"FW:16765, MG:53904",20
Electronics and Communication Engineering,CEC,"College of Engineering, Cherthala",N,23359,25782,28739,24135,47122,32958,26302,-,-,45065,56980,-,49675,"FW:14945, MG:41860",20
Electronics and Communication Engineering,CEM,"College of Engineering Muttathara, Thiruvananthapuram",N,37953,49788,48294,54971,40336,42516,43688,41712,59137,-,65299,-,62828,FW:26806,20
Electronics and Communication Engineering,CHN,"College of Engineering,Chengannur",N,10767,11388,12250,18716,28659,12009,12567,51425,23388,-,48513,-,16826,"FW:10218, MG:20732",20
Electronics and Communication Engineering,KGR,"College of Engineering Kidangoor, KOTTAYAM",N,42217,57268,59919,53104,-,51133,50422,57651,53777,-,64318,-,62696,"CB:45905, FW:24785",20
Electronics and Communication Engineering,KNP,"College of Engineering, Karunagappally, Kollam",N,29490,32539,43167,-,57570,33443,31627,-,-,-,64210,-,58737,MG:51894,20
Electronics and Communication Engineering,KSD,"LBS College of Engineering, Kasaragod",N,17807,22467,19639,50037,-,19098,18490,-,-,-,62571,-,28943,"FW:11610, MG:37758",20
Electronics and Communication Engineering,LBT,"LBS Institute of Technology for Women, Thiruvananthapuram",N,11722,14761,16496,17816,30055,-,12857,12941,-,-,42121,-,20672,"FW:9880, MG:24673",21
Electronics and Communication Engineering,MDL,"Model Engineering College, Ernakulam",N,2064,2665,2442,3266,5798,3272,2428,3809,13647,12394,18488,53664,6459,"FW:2046, MG:4202",21
Electronics and Communication Engineering,MNR,"College of Engineering, Munnar",N,37828,42861,48842,-,63992,61718,52950,56123,-,-,64385,-,62534,,21
Electronics and Communication Engineering,PEC,"College of Engineering Pathanapuram, Kollam",N,58406,65046,58496,-,-,-,61983,-,-,-,-,-,-,,21
Electronics and Communication Engineering,PJR,"College of Engineering Poonjar, Kottayam",N,49915,52342,64486,-,-,-,62432,-,-,-,65358,-,-,MG:60720,21
Electronics and Communication Engineering,PRN,"College of Engineering Perumon, Kollam",N,24463,28932,28533,36594,61129,37112,26739,33284,32179,-,64836,-,40792,"CB:55319, FW:13149",21
Electronics and Communication Engineering,PRP,"CAPE College of Engineering, Punnapra, Alappuzha",N,43551,56308,60410,52831,62791,45993,50503,-,-,-,-,-,45930,,21
Electronics and Communication Engineering,PTA,"College of Engineering, Kallooppara, Thiruvalla",N,43502,57054,57889,-,62905,-,-,-,-,-,-,-,63479,"FW:29510, MG:62257",21
Electronics and Communication Engineering,SCT,"S C T College of Engineering, Thiruvananthapuram",N,7717,8815,8402,12714,33475,7864,9399,10327,-,49087,38615,-,13892,"FW:7829, MG:11551",21
Electronics and Communication Engineering,TKR,"College of Engineering, Trikaripur",N,38567,48593,50233,-,-,40210,40115,-,59857,-,48166,-,61742,FW:26993,21
Electronics and Communication Engineering,TLY,"College of Engineering,Thalassery, Kannur",N,21034,23395,24117,62488,48947,32465,22451,-,36159,-,61421,-,40077,"CB:57147, FW:12697",21
Electronics and Communication Engineering,UCC,"Institute of Engineering and Technology, Malappuram",N,32162,34436,35562,-,59061,35104,41536,-,-,-,-,-,61528,FW:20933,21
Electronics and Communication Engineering,UCE,"University College of Engineering,Thodupuzha",N,53369,60325,-,-,-,-,63410,-,-,-,58048,-,-,,21
Electronics and Communication Engineering,UCK,"University College of Engineering, Kariavattom, Thiruvananthapuram",N,20868,25016,24297,35384,34248,23482,24587,-,-,-,55767,-,34212,"FW:12036, MG:29840",21
Electronics and Communication Engineering,VDA,"College of Engineering, Vadakara",N,25169,28565,27126,-,59038,34664,27038,-,-,-,58285,-,43620,"CB:47332, FW:14678",21
Electronics and Communication Engineering,AAE,"Al-Azhar College of Engineering and Technology, Idukki",S,64640,-,-,-,-,-,-,-,-,-,-,-,-,,21
Electronics and Communication Engineering,AAP,"Al-Ameen Engineering College, Palakkad",S,57627,-,-,-,-,-,-,-,-,-,-,-,-,,21
Electronics and Communication Engineering,AIK,"Albertian Institute of Science and Technology, Kochi",S,37128,40824,49484,-,-,-,-,-,-,-,51491,-,-,"FW:21106, YA:64179",21
Electronics and Communication Engineering,AJC,"Amal Jyothi College of Engineering, Kottayam",S,20182,23524,24334,33118,57089,22468,23085,37126,-,-,65319,-,-,"FW:14667, YB:42032",21
Electronics and Communication Engineering,AME,"Rajadhani Institute of Science and Technology, Palakkad",S,63594,-,-,-,-,-,-,-,-,-,-,-,-,,21
Electronics and Communication Engineering,ASI,"Adi Shankara Institute of Engineering and Technology, Ernakulam",S,24366,25915,29726,35660,46377,27339,29079,42879,-,36352,38963,-,34864,"CC:48, FW:14822",22
Electronics and Communication Engineering,ATP,"Ahalia School of Engineering and Technology, Palakkad",S,56901,-,63265,-,-,-,-,-,-,-,-,-,-,FW:29982,22
Electronics and Communication Engineering,AWH,"AWH Engineering College, Kozhikkode",S,57090,-,60822,-,-,-,-,-,-,-,-,-,-,FW:29337,22
Electronics and Communication Engineering,BJK,"Bishop Jerome Institute, Kollam",S,46475,48819,51942,-,-,-,-,-,-,-,-,-,-,FW:25207,22
Electronics and Communication Engineering,BMC,"Baselios Mathews II College of Engineering, Kollam",S,61892,-,-,-,-,-,-,-,-,-,-,-,-,,22
Electronics and Communication Engineering,CCE,"Christ College of Engineering, Thrissur",S,16404,17714,19313,18001,-,19138,22727,-,-,-,60778,-,-,"FW:12775, YU:34139",22
Electronics and Communication Engineering,CCV,"MGM TECHNOLOGICAL CAMPUS,Valanchery",S,60389,-,-,-,-,-,-,-,-,-,-,-,-,,22
Electronics and Communication Engineering,CEN,"College of Engineering and Technology, Payyannur, Kannur.",S,59825,-,-,-,-,-,-,-,-,-,-,-,-,,22
Electronics and Communication Engineering,DMC,"M. Dasan Institute of Technology, Kozhikode",S,61294,63609,-,-,-,-,-,-,-,-,-,-,-,,22
Electronics and Communication Engineering,EKC,"Eranad Knowledge City Technical Campus, Malappuram",S,60214,-,-,-,-,-,-,-,-,-,-,-,-,,22
Electronics and Communication Engineering,FIT,"Federal Institute of Science and Technology, Ernakulam",S,10515,13395,11630,20549,20590,12718,11794,35388,42531,22190,51675,-,18778,FW:8369,22
Electronics and Communication Engineering,GIK,"Gregorian Institute of Technology,Kanjirampara,Kottayam",S,52440,-,-,-,-,-,-,-,-,-,-,-,-,,22
Electronics and Communication Engineering,HGW,"Holy Grace Academy of Engineering, Thrissur",S,57752,-,-,-,-,-,-,-,-,-,-,-,-,,22
Electronics and Communication Engineering,ICE,"Ilahia College of Engineering and Technology, Ernakulam",S,59226,-,-,-,-,-,-,-,-,-,-,-,-,FW:36572,22
Electronics and Communication Engineering,IES,"I E S College of Engineering, Thrissur",S,60476,-,-,-,-,-,-,-,-,-,-,-,-,FW:43164,22
Electronics and Communication Engineering,IGW,"Indira Gandhi Institute of Engineering and Technology, Ernakulam",S,58505,-,-,-,-,-,-,-,-,-,-,-,-,,22
Electronics and Communication Engineering,JBT,"Jai Bharath College of Management and Engineering Technology, Ernakulam",S,58860,-,-,-,-,-,-,-,-,-,-,-,-,,22
Electronics and Communication Engineering,JCE,"Jawaharlal College of Engineering and Technology, Palakkad",S,50890,65405,61219,52941,-,-,52792,-,-,-,57947,-,58917,FW:29585,22
Electronics and Communication Engineering,JEC,"Jyothi Engineering College, Thrissur",S,26715,30219,26986,60298,52095,34511,30043,-,-,-,57314,-,-,"FW:17402, YZ:52805",23
Electronics and Communication Engineering,JIT,"John Cox Memorial C S I Institute of Technology, Thiruvananthapuram",S,65404,-,-,-,-,-,-,-,-,-,-,-,-,,23
Electronics and Communication Engineering,KIT,"Kottayam Institute of Technology and Science, Kottayam",S,58547,-,-,-,-,-,-,-,-,-,-,-,-,,23
Electronics and Communication Engineering,KMC,"KMCT College of Engineering, Kozhikode",S,44486,53197,47675,-,-,-,64447,-,-,-,-,-,-,FW:28962,23
Electronics and Communication Engineering,KME,"K M E A Engineering College, Cochin",S,51174,64936,53861,53733,-,-,58716,-,-,-,-,-,-,FW:31932,23
Electronics and Communication Engineering,KMI,"KMCT Institute of Technology and Management,Kuttipuram,Malappuram",S,59249,-,61869,-,-,-,-,-,-,-,-,-,-,,23
Electronics and Communication Engineering,KMT,"KMCT Institute of Emerging Technology and Management, Mukkam, Kozhikode",S,57049,-,58729,-,-,-,-,-,-,-,-,-,-,FW:21229,23
Electronics and Communication Engineering,KMV,"KMCT College of Engineering for Emerging Technologies & Management, Vadakara",S,65132,-,-,-,-,-,-,-,-,-,-,-,-,,23
Electronics and Communication Engineering,KMY,"KMCT College of Engineering for Emerging Technologies & Management, Perinthalmanna, Malappuram",S,50009,-,55844,-,-,55355,-,-,-,-,63756,-,-,,23
Electronics and Communication Engineering,KMZ,"KMCT College of Engineering for Emerging Technologies & Management, Kasargod",S,64429,-,-,-,-,-,-,-,-,-,-,-,-,,23
Electronics and Communication Engineering,LMC,"Lourdes Matha College of Science and Technology, Thiruvananthapuram",S,64638,64873,-,-,-,-,-,-,-,-,-,-,-,FW:48391,23
Electronics and Communication Engineering,MBC,"Mar Baselios Christian College of Engineering and Technology,Idukki",S,54911,-,59741,-,-,-,-,-,-,-,-,-,-,,23
Electronics and Communication Engineering,MBI,"Mar Baselios Institute of Technology and Science, Ernakulam",S,26673,42170,30735,27255,-,-,-,-,-,-,57973,-,-,"FW:25114, YH:34092",23
Electronics and Communication Engineering,MBT,"Mar Baselios College of Engineering and Technology, Thiruvananthapuram",S,16816,19139,20595,26152,34999,31663,17279,23294,40557,-,63434,-,-,FW:14494,23
Electronics and Communication Engineering,MCC,"Musaliar College Of Engineering, Thiruvananthapuram",S,47610,-,-,-,-,-,-,-,-,-,-,-,-,MM:51432,23
Electronics and Communication Engineering,MCE,"Marian Engineering College, Thiruvananthapuram",S,34725,39770,43614,48758,-,56053,40920,-,-,-,65356,-,-,"FW:26188, YJ:59153",23
Electronics and Communication Engineering,MCK,"Musaliar College of Engineering and Technology, Pathanamthitta",S,50235,-,-,-,-,-,-,-,-,-,-,-,-,,24
Electronics and Communication Engineering,MCT,"Mohandas College of Engineering and Technology, Thiruvananthapuram",S,59171,-,60581,-,-,-,-,-,-,-,-,-,-,FW:35130,24
Electronics and Communication Engineering,MEA,"M E A Engineering College, Vengoor",S,39644,50229,43740,-,-,-,-,-,-,-,-,-,-,MM:44540,24
Electronics and Communication Engineering,MEE,"MES College of Engineering and Technology, Ernakulam",S,64756,-,-,-,-,-,-,-,-,-,-,-,-,FW:48993,24
Electronics and Communication Engineering,MEK,"MES Institute of Technology and Management, Kollam",S,65088,-,-,-,-,-,-,-,-,-,-,-,-,FW:35030,24
Electronics and Communication Engineering,MES,"M E S College of Engineering, Kuttippuram",S,23092,23830,23534,-,61217,41545,25256,-,-,-,-,-,-,FW:17645,24
Electronics and Communication Engineering,MGC,"M G College of Engineering, Thiruvananthapuram",S,53779,-,-,-,-,-,-,-,-,-,-,-,-,,24
Electronics and Communication Engineering,MGE,"MGM College of Engineering & Technology, Ernakulam",S,64211,-,-,-,-,-,-,-,-,-,-,-,-,,24
Electronics and Communication Engineering,MGP,"Saintgits College of Engineering, Kottayam",S,14006,16113,14288,21557,31617,15487,17762,-,-,-,63963,-,-,FW:8912,24
Electronics and Communication Engineering,MHP,"ACE College Of Engineering, Thiruvananthapuram",S,53226,56612,63505,-,-,63391,57797,-,-,-,-,-,-,"FW:34277, MM:30186",24
Electronics and Communication Engineering,MLM,"Mangalam College of Engineering, Kottayam",S,50844,54060,57339,-,-,-,-,-,-,55138,55553,-,-,,24
Electronics and Communication Engineering,MLT,"Malabar Institute of Technology, Kannur",S,60816,-,-,-,-,-,-,-,-,-,-,-,-,FW:44524,24
Electronics and Communication Engineering,MUS,"Muslim Association College of Engineering, Thiruvananthapuram",S,-,-,-,-,-,-,-,-,-,-,-,-,-,"FW:35143, MM:48214",24
Electronics and Communication Engineering,MUT,"Muthoot Institute of Technology and Science,Ernakulam",S,9055,10203,9623,9196,11737,17082,9542,-,-,-,53998,-,16314,FW:8981,24
Electronics and Communication Engineering,NCE,"Nehru College of Engineering and Research Centre, Thrissur",S,46618,49608,64791,-,63672,-,49940,-,-,-,-,-,53083,FW:31430,24
Electronics and Communication Engineering,PRC,"Providence College of Engineering, Chengannur",S,59676,-,-,-,-,-,-,-,-,-,-,-,-,FW:38602,24
Electronics and Communication Engineering,RCE,"Royal College of Engineering and Technology, Thrissur",S,60671,-,-,-,-,-,-,-,-,-,-,-,-,FW:35608,24
Electronics and Communication Engineering,RET,"Rajagiri School of Engineering and Technology, Ernakulam",S,7411,9564,8136,13774,15740,18513,8847,15686,16599,25655,45442,-,-,"FW:6904, XS:7769, YN:13568",24
Electronics and Communication Engineering,RIE,"Rajadhani Institute of Engineering and Technology, Thiruvananthapuram",S,38044,55482,49555,62067,-,-,38227,-,-,-,-,-,-,FW:12295,25
Electronics and Communication Engineering,SBC,"Sree Buddha College of Engineering, Alappuzha",S,42373,58764,53080,-,-,46923,47148,-,-,-,-,-,57503,FW:31762,25
Electronics and Communication Engineering,SCM,"SCMS School of Engineering and Technology, Ernakulam",S,19280,20897,21052,29160,19479,22498,22453,48557,-,43727,57862,-,24259,FW:16723,25
Electronics and Communication Engineering,SHR,"Sahrdaya College of Engineering and Technology, Thrissur",S,31531,32555,47333,38385,56315,-,31760,-,-,-,64696,-,-,"FW:24237, YO:57879",25
Electronics and Communication Engineering,SIT,"Sarabhai Institute of Science and Technology, Thiruvananthapuram",S,63159,-,-,-,-,-,-,-,-,-,-,-,-,,25
Electronics and Communication Engineering,SJC,"St Josephs College of Engineering and Technology, Palai",S,29643,37033,37169,37270,61913,39808,36192,45936,-,53031,57066,-,-,"FW:23832, YP:45517",25
Electronics and Communication Engineering,SNC,"Sree Narayana Guru College of Engineering and Technology, Kannur",S,47439,56343,61536,-,-,-,59278,-,-,-,-,-,-,FW:24451,25
Electronics and Communication Engineering,SNG,"Sree Narayana Gurukulam College of Engineering, Ernakulam",S,53497,59149,57114,-,-,-,-,-,-,-,-,-,-,FW:33599,25
Electronics and Communication Engineering,SNM,"SNM Institute of Management and Technology, Ernakulam",S,61762,-,-,-,-,-,-,-,-,-,-,-,-,,25
Electronics and Communication Engineering,SNP,"Sree Narayana Institute of Technology, Adoor",S,56180,-,-,-,-,-,-,-,-,-,-,-,-,,25
Electronics and Communication Engineering,SPT,"Sreepathy Institute of Management and Technology, Palakkad",S,47336,48870,54848,-,-,-,51149,-,-,-,-,-,59697,FW:32670,25
Electronics and Communication Engineering,STC,"St Thomas Colllege of Engineering and Technology, Alappuzha",S,61880,-,-,-,-,-,-,-,-,-,-,-,-,FW:56814,25
Electronics and Communication Engineering,STI,"St. Thomas Institute For Science and Technology, Thiruvananthapuram",S,55470,60303,-,-,-,-,-,-,-,-,62563,-,-,FW:25362,25
Electronics and Communication Engineering,STM,"St.Thomas College of Engineering and Technology,Kannur",S,52140,61203,58929,-,-,-,56552,-,-,-,-,-,-,FW:36391,25
Electronics and Communication Engineering,TCE,"TOMS College of Engineering,Kottayam",S,48123,-,-,-,-,-,-,-,-,-,-,-,-,,25
Electronics and Communication Engineering,TCT,"Trinity College of Engineering, Thiruvananthapuram",S,65223,-,-,-,-,-,-,-,-,-,-,-,-,FW:53245,25
Electronics and Communication Engineering,TOC,"Toc H Institute of Science and Technology, Ernakulam",S,28821,33727,31969,33441,43964,37006,31766,-,-,-,39363,-,-,FW:23490,25
Electronics and Communication Engineering,UKP,"UKF College of Engineering and Technology, Kollam",S,55574,64095,62215,-,-,-,56277,-,-,-,-,-,-,FW:37951,26
Electronics and Communication Engineering,UNT,"Universal Engineering College, Thrissur",S,64002,-,-,-,-,-,-,-,-,-,-,-,-,FW:35530,26
Electronics and Communication Engineering,VAK,"Vidya Academy of Science and Technology, Thiruvananthapuram",S,50527,56286,-,-,-,-,-,-,-,-,60368,-,-,FW:30592,26
Electronics and Communication Engineering,VAS,"Vidya Academy of Science and Technology, Thrissur",S,26520,29668,46078,-,32343,35186,32249,-,-,-,48656,-,43455,FW:19790,26
Electronics and Communication Engineering,VIT,"VISAT Engineering College, Ernakulam",S,61746,-,-,-,-,-,-,-,-,-,-,-,-,,26
Electronics and Communication Engineering,VJC,"Viswajyothi College of Engineering and Technology, Ernakulam",S,27143,28347,32047,-,47030,28889,-,-,-,-,-,-,-,"FW:15629, YQ:37981",26
Electronics and Communication Engineering,VKE,"Valia Koonambaikulathamma College of Engineering and Technology, Parippally",S,57401,-,-,-,-,-,-,-,-,-,-,-,-,,26
Electronics and Communication Engineering,VML,"Vimal Jyothi Engineering College, Kannur",S,35476,45035,49862,-,-,37754,35939,-,-,-,-,-,-,FW:21670,26
Electronics and Communication Engineering,VPE,"Mahaguru Institute of Technology, Mavelikkara, Alappuzha",S,61736,-,-,-,-,-,-,-,-,-,-,-,-,,26
Electronics and Communication Engineering,VVT,"Veda Vyasa Institute of Technology, Malappuram.",S,60239,-,-,-,-,-,-,-,-,-,-,-,-,,26
Electronics and Communication Engineering,YCE,"Younus College of Engineering and Technology, Kollam",S,64508,-,-,-,-,-,-,-,-,-,-,-,-,"FW:44947, MM:42668",26
Electrical and Electronics Engineering,IDK,"Government Engineering College, Idukki",G,-,16455,10816,41658,50462,21450,16739,25035,-,-,49105,-,42071,FW:9765,26
Electrical and Electronics Engineering,KNR,"Government College of Engineering, Kannur",G,6176,9458,8766,15495,35014,9722,9166,9211,27323,45990,46293,47699,17125,"CC:46, FW:7127, SD:26565",26
Electrical and Electronics Engineering,KTE,"Govt. Rajiv Gandhi Institute of Tech., Kottayam.",G,6230,8051,6682,8931,14737,7059,7101,11024,31714,-,31068,-,9083,"FW:4128, PI:7",26
Electrical and Electronics Engineering,MAC,"Mar Athanasius College of Engineering, Kothamangalam",G,5730,7615,6165,12331,19064,9198,7611,12625,21411,32481,37905,46309,-,"DK:23525, FW:4039, XS:6567",26
Electrical and Electronics Engineering,NSS,"N S S College of Engineering, Palakkad",G,6834,8380,8180,17646,27996,9349,8774,24705,17086,22454,42985,64295,12163,"FW:6330, PT:21",26
Electrical and Electronics Engineering,PKD,"Government Engineering College, Palakkad",G,6749,11571,8508,18996,34635,11864,11933,19095,-,-,45133,49955,13913,FW:7332,26
Electrical and Electronics Engineering,TCR,"Govt. Engineering College,Thrissur.",G,2601,3093,3318,8239,10431,4440,3425,7538,7300,17016,16932,48326,6244,"FW:2083, PD:32890",27
Electrical and Electronics Engineering,TKM,"T K M College of Engineering, Kollam.",G,3349,3803,3484,7221,8153,5314,4476,9444,15623,15224,27545,40153,-,"FW:2406, RP:5235, SD:13601",27
Electrical and Electronics Engineering,TRV,"Government Engineering College Barton Hill, Thiruvananthapuram",G,5941,7849,7064,11088,17233,10604,7624,-,30652,33009,29043,62826,9275,FW:4144,27
Electrical and Electronics Engineering,TVE,"College of Engineering,Thiruvananthapuram.",G,1307,1933,1547,3740,2468,2382,1692,1959,8670,7124,13444,32316,3842,"FW:973, PD:37942, PI:2, SD:6582, XS:2124",27
Electrical and Electronics Engineering,WYD,"Government Engineering College, Wayanad",G,-,16839,10533,56846,59159,25382,18526,30784,43389,-,54940,-,44435,FW:9406,27
Electrical and Electronics Engineering,ADR,"College of Engineering, Adoor",N,34930,41735,36788,47740,-,-,41966,-,-,-,63241,-,58526,MG:55982,27
Electrical and Electronics Engineering,CEA,"College of Engineering, Attingal",N,47231,49285,64107,-,-,-,56679,-,-,-,60877,-,-,MG:64412,27
Electrical and Electronics Engineering,CEC,"College of Engineering, Cherthala",N,27861,33366,38799,30806,-,35140,34119,-,-,-,59380,-,57122,"FW:18281, MG:46148",27
Electrical and Electronics Engineering,CEM,"College of Engineering Muttathara, Thiruvananthapuram",N,50118,65344,63669,-,-,63709,57018,56082,52850,-,65391,-,-,,27
Electrical and Electronics Engineering,CHN,"College of Engineering,Chengannur",N,14854,15364,16082,27324,57685,-,15029,-,-,-,48038,-,18310,"FW:11709, MG:29236",27
Electrical and Electronics Engineering,KGR,"College of Engineering Kidangoor, KOTTAYAM",N,45004,47463,54817,-,51719,-,47222,-,-,-,65365,-,-,FW:25792,27
Electrical and Electronics Engineering,KSD,"LBS College of Engineering, Kasaragod",N,29499,35585,32001,-,42148,35078,29973,-,-,-,60038,-,56465,"FW:20246, MG:48784",27
Electrical and Electronics Engineering,MDL,"Model Engineering College, Ernakulam",N,4282,5537,4801,8631,-,-,6263,-,-,29143,32601,-,9486,"FW:3474, MG:7780",27
Electrical and Electronics Engineering,MNR,"College of Engineering, Munnar",N,55549,61909,58669,-,-,-,55841,-,-,-,-,-,-,,27
Electrical and Electronics Engineering,PEC,"College of Engineering Pathanapuram, Kollam",N,65103,-,-,-,-,-,-,-,-,-,-,-,-,,27
Electrical and Electronics Engineering,PRN,"College of Engineering Perumon, Kollam",N,32755,38471,35418,36432,-,37736,39543,62123,-,-,54610,-,46910,"CB:53881, FW:16956",27
Electrical and Electronics Engineering,PRP,"CAPE College of Engineering, Punnapra, Alappuzha",N,56804,63765,58544,59406,-,61686,-,-,-,-,62160,-,-,,27
Electrical and Electronics Engineering,PTA,"College of Engineering, Kallooppara, Thiruvalla",N,52764,-,53886,-,-,-,-,-,-,-,65214,-,-,"FW:33391, MG:65008",27
Electrical and Electronics Engineering,TKR,"College of Engineering, Trikaripur",N,46508,49200,56199,-,-,54686,49553,-,-,-,-,-,53390,,27
Electrical and Electronics Engineering,TLY,"College of Engineering,Thalassery, Kannur",N,26854,31459,32217,-,-,37530,28623,-,60323,-,62789,-,55942,"CB:43255, FW:13974",27
Electrical and Electronics Engineering,UCC,"Institute of Engineering and Technology, Malappuram",N,52836,60031,61974,-,-,-,-,-,-,-,-,-,-,,27
Electrical and Electronics Engineering,UCE,"University College of Engineering,Thodupuzha",N,65041,-,-,-,-,-,-,-,-,-,-,-,-,,28
Electrical and Electronics Engineering,VDA,"College of Engineering, Vadakara",N,38266,44830,48090,-,-,57011,39420,-,-,-,60394,-,-,FW:25443,28
Electrical and Electronics Engineering,AAP,"Al-Ameen Engineering College, Palakkad",S,59271,-,-,-,-,-,-,-,-,-,-,-,-,,28
Electrical and Electronics Engineering,AIK,"Albertian Institute of Science and Technology, Kochi",S,55197,-,63294,-,-,-,-,-,-,-,-,-,-,"FW:37293, YA:61242",28
Electrical and Electronics Engineering,AJC,"Amal Jyothi College of Engineering, Kottayam",S,26194,31782,29162,41576,57875,42439,36835,-,-,-,-,-,-,"FW:21941, YB:52198",28
Electrical and Electronics Engineering,AME,"Rajadhani Institute of Science and Technology, Palakkad",S,60863,-,-,-,-,-,-,-,-,-,-,-,-,,28
Electrical and Electronics Engineering,ASI,"Adi Shankara Institute of Engineering and Technology, Ernakulam",S,28742,32777,37311,36768,35064,37708,38568,-,-,-,-,-,40434,FW:18444,28
Electrical and Electronics Engineering,ATP,"Ahalia School of Engineering and Technology, Palakkad",S,63456,-,-,-,-,-,-,-,-,-,-,-,-,,28
Electrical and Electronics Engineering,AWH,"AWH Engineering College, Kozhikkode",S,62998,-,-,-,-,-,-,-,-,-,-,-,-,,28
Electrical and Electronics Engineering,BJK,"Bishop Jerome Institute, Kollam",S,47695,63368,48222,-,-,-,-,-,-,-,-,-,-,FW:37042,28
Electrical and Electronics Engineering,BMC,"Baselios Mathews II College of Engineering, Kollam",S,60380,-,-,-,-,-,-,-,-,-,-,-,-,,28
Electrical and Electronics Engineering,CCE,"Christ College of Engineering, Thrissur",S,28035,30855,40513,30585,31214,-,29284,-,-,-,57028,-,-,FW:18969,28
Electrical and Electronics Engineering,CEN,"College of Engineering and Technology, Payyannur, Kannur.",S,55295,-,-,-,-,-,-,-,-,-,-,-,-,,28
Electrical and Electronics Engineering,CMA,"Carmel College of Engineering and Technology,Alappuzha",S,56214,59764,60301,61034,-,-,-,-,-,-,-,-,-,FW:49478,28
Electrical and Electronics Engineering,DMC,"M. Dasan Institute of Technology, Kozhikode",S,52240,-,-,-,-,-,-,-,-,-,-,-,-,,28
Electrical and Electronics Engineering,FIT,"Federal Institute of Science and Technology, Ernakulam",S,14202,16029,15137,25789,20984,16772,14974,-,-,-,65370,-,31124,FW:13934,28
Electrical and Electronics Engineering,HGW,"Holy Grace Academy of Engineering, Thrissur",S,61074,-,-,-,-,-,-,-,-,-,-,-,-,,28
Electrical and Electronics Engineering,ICE,"Ilahia College of Engineering and Technology, Ernakulam",S,64659,-,-,-,-,-,-,-,-,-,-,-,-,FW:50413,28
Electrical and Electronics Engineering,IES,"I E S College of Engineering, Thrissur",S,64788,-,-,-,-,-,-,-,-,-,-,-,-,FW:41798,28
Electrical and Electronics Engineering,IGW,"Indira Gandhi Institute of Engineering and Technology, Ernakulam",S,62138,-,-,-,-,-,-,-,-,-,-,-,-,,29
Electrical and Electronics Engineering,JEC,"Jyothi Engineering College, Thrissur",S,34952,35831,39691,-,-,-,36457,-,-,-,59736,-,-,FW:15741,29
Electrical and Electronics Engineering,JIT,"John Cox Memorial C S I Institute of Technology, Thiruvananthapuram",S,60892,-,-,-,-,-,-,-,-,-,-,-,-,,29
Electrical and Electronics Engineering,KIT,"Kottayam Institute of Technology and Science, Kottayam",S,63867,-,-,-,-,-,-,-,-,-,-,-,-,,29
Electrical and Electronics Engineering,KMC,"KMCT College of Engineering, Kozhikode",S,54774,-,55735,-,-,-,-,-,-,-,-,-,-,FW:35554,29
Electrical and Electronics Engineering,KME,"K M E A Engineering College, Cochin",S,55261,55820,59004,-,-,-,-,-,-,-,-,-,-,FW:36873,29
Electrical and Electronics Engineering,LMC,"Lourdes Matha College of Science and Technology, Thiruvananthapuram",S,60539,-,-,-,-,-,-,-,-,-,-,-,-,FW:42995,29
Electrical and Electronics Engineering,MBC,"Mar Baselios Christian College of Engineering and Technology,Idukki",S,62236,-,-,-,-,-,-,-,-,-,-,-,-,,29
Electrical and Electronics Engineering,MBI,"Mar Baselios Institute of Technology and Science, Ernakulam",S,44359,45743,62107,-,-,-,-,-,-,-,-,-,-,FW:32513,29
Electrical and Electronics Engineering,MBT,"Mar Baselios College of Engineering and Technology, Thiruvananthapuram",S,25354,31864,30797,36899,-,53095,32690,-,-,-,63580,-,-,FW:19353,29
Electrical and Electronics Engineering,MCE,"Marian Engineering College, Thiruvananthapuram",S,52668,58162,60636,-,-,-,-,-,-,-,-,-,-,FW:35666,29
Electrical and Electronics Engineering,MCK,"Musaliar College of Engineering and Technology, Pathanamthitta",S,63589,-,-,-,-,-,-,-,-,-,-,-,-,,29
Electrical and Electronics Engineering,MCT,"Mohandas College of Engineering and Technology, Thiruvananthapuram",S,61177,-,-,-,-,-,-,-,-,-,-,-,-,,29
Electrical and Electronics Engineering,MEA,"M E A Engineering College, Vengoor",S,49965,54714,51278,-,-,-,-,-,-,-,-,-,-,"FW:32537, MM:47745",29
Electrical and Electronics Engineering,MEK,"MES Institute of Technology and Management, Kollam",S,58418,-,-,-,-,-,-,-,-,-,-,-,-,,29
Electrical and Electronics Engineering,MES,"M E S College of Engineering, Kuttippuram",S,32640,48362,33147,-,-,37229,43025,-,-,-,53365,-,-,FW:24893,29
Electrical and Electronics Engineering,MGC,"M G College of Engineering, Thiruvananthapuram",S,58933,-,-,-,-,-,-,-,-,-,-,-,-,,29
Electrical and Electronics Engineering,MGP,"Saintgits College of Engineering, Kottayam",S,24734,37106,26807,37657,49188,35061,25219,-,-,-,-,-,-,FW:15375,29
Electrical and Electronics Engineering,MHP,"ACE College Of Engineering, Thiruvananthapuram",S,65053,-,-,-,-,-,-,-,-,-,-,-,-,MM:16870,29
Electrical and Electronics Engineering,MLM,"Mangalam College of Engineering, Kottayam",S,62360,-,-,-,-,-,-,-,-,-,-,-,-,,30
Electrical and Electronics Engineering,MLT,"Malabar Institute of Technology, Kannur",S,64642,-,-,-,-,-,-,-,-,-,-,-,-,,30
Electrical and Electronics Engineering,MUS,"Muslim Association College of Engineering, Thiruvananthapuram",S,-,-,-,-,-,-,-,-,-,-,-,-,-,MM:53039,30
Electrical and Electronics Engineering,MUT,"Muthoot Institute of Technology and Science,Ernakulam",S,13153,20516,13824,15561,30527,17108,16614,-,-,-,47775,-,34431,FW:10766,30
Electrical and Electronics Engineering,PRC,"Providence College of Engineering, Chengannur",S,65184,-,-,-,-,-,-,-,-,-,-,-,-,,30
Electrical and Electronics Engineering,RET,"Rajagiri School of Engineering and Technology, Ernakulam",S,10460,12193,11466,18990,-,10843,12738,39777,-,-,39456,-,-,"FW:10363, YN:18144",30
Electrical and Electronics Engineering,RIE,"Rajadhani Institute of Engineering and Technology, Thiruvananthapuram",S,59913,62583,63062,-,-,-,-,-,-,-,64895,-,-,FW:43514,30
Electrical and Electronics Engineering,SBC,"Sree Buddha College of Engineering, Alappuzha",S,56991,59464,65395,-,-,-,-,-,-,-,-,-,-,FW:30489,30
Electrical and Electronics Engineering,SCM,"SCMS School of Engineering and Technology, Ernakulam",S,22644,27112,24292,37298,-,-,33853,-,-,-,-,-,-,FW:13077,30
Electrical and Electronics Engineering,SHR,"Sahrdaya College of Engineering and Technology, Thrissur",S,48936,53817,54863,-,-,-,-,-,-,-,60243,-,-,FW:36675,30
Electrical and Electronics Engineering,SJC,"St Josephs College of Engineering and Technology, Palai",S,37723,42864,40760,-,-,48715,44316,-,-,-,64846,-,-,"FW:27575, YP:51603",30
Electrical and Electronics Engineering,SNC,"Sree Narayana Guru College of Engineering and Technology, Kannur",S,63584,-,-,-,-,-,-,-,-,-,-,-,-,FW:60119,30
Electrical and Electronics Engineering,SNG,"Sree Narayana Gurukulam College of Engineering, Ernakulam",S,58577,-,59298,-,-,-,-,-,-,-,-,-,-,,30
Electrical and Electronics Engineering,SNP,"Sree Narayana Institute of Technology, Adoor",S,63060,-,-,-,-,-,-,-,-,-,-,-,-,,30
Electrical and Electronics Engineering,SPT,"Sreepathy Institute of Management and Technology, Palakkad",S,63718,-,-,-,-,-,-,-,-,-,-,-,-,,30
Electrical and Electronics Engineering,STC,"St Thomas Colllege of Engineering and Technology, Alappuzha",S,60252,-,-,-,-,-,-,-,-,-,-,-,-,,30
Electrical and Electronics Engineering,STI,"St. Thomas Institute For Science and Technology, Thiruvananthapuram",S,63130,-,-,-,-,-,-,-,-,-,-,-,-,,30
Electrical and Electronics Engineering,TCT,"Trinity College of Engineering, Thiruvananthapuram",S,56588,-,-,-,-,-,-,-,-,-,-,-,-,,31
Electrical and Electronics Engineering,TJE,"Thejus Engineering College, Thrissur",S,56894,-,-,-,-,-,-,-,-,-,-,-,-,,31
Electrical and Electronics Engineering,TOC,"Toc H Institute of Science and Technology, Ernakulam",S,45182,59222,47134,-,-,-,-,-,-,-,46536,-,-,FW:32166,31
Electrical and Electronics Engineering,UKP,"UKF College of Engineering and Technology, Kollam",S,64220,-,-,-,-,-,-,-,-,-,-,-,-,FW:40039,31
Electrical and Electronics Engineering,UNT,"Universal Engineering College, Thrissur",S,64652,-,-,-,-,-,-,-,-,-,-,-,-,,31
Electrical and Electronics Engineering,VAS,"Vidya Academy of Science and Technology, Thrissur",S,45270,52936,51001,-,-,-,46750,-,-,-,46090,-,-,FW:31423,31
Electrical and Electronics Engineering,VIT,"VISAT Engineering College, Ernakulam",S,62226,-,-,-,-,-,-,-,-,-,65133,-,-,,31
Electrical and Electronics Engineering,VJC,"Viswajyothi College of Engineering and Technology, Ernakulam",S,44373,50771,46559,-,63689,52861,44854,-,-,-,-,-,-,"FW:36533, YQ:62520",31
Electrical and Electronics Engineering,VKE,"Valia Koonambaikulathamma College of Engineering and Technology, Parippally",S,60587,-,-,-,-,-,-,-,-,-,-,-,-,,31
Electrical and Electronics Engineering,VML,"Vimal Jyothi Engineering College, Kannur",S,38337,44127,48648,-,-,-,-,-,-,-,-,-,-,FW:24494,31
Electrical and Electronics Engineering,VPE,"Mahaguru Institute of Technology, Mavelikkara, Alappuzha",S,-,-,-,-,-,-,-,-,-,-,-,-,-,FW:63728,31
Electrical and Electronics Engineering,YCE,"Younus College of Engineering and Technology, Kollam",S,55952,-,-,-,-,-,-,-,-,-,-,-,-,"FW:45531, MM:48846",31
Electrical and Computer Engineering,KKE,"Government Engineering College, Kozhikkode",G,-,11909,8070,31193,47942,16930,10987,57838,-,-,38228,56903,21066,,31
Electrical and Computer Engineering,TKM,"T K M College of Engineering, Kollam.",G,3309,3974,3597,5427,15094,5445,5070,8808,-,-,29032,-,-,"FW:3234, PT:6",31
Electrical and Computer Engineering,TVE,"College of Engineering,Thiruvananthapuram.",G,1408,2204,1545,5425,6265,2511,2074,3211,19016,26033,13609,48219,4863,"FW:1041, PD:42488",31
Electrical and Computer Engineering,KGR,"College of Engineering Kidangoor, KOTTAYAM",N,52063,61130,62051,-,-,52161,-,-,-,-,65424,-,-,FW:23072,31
Electrical and Computer Engineering,PRP,"CAPE College of Engineering, Punnapra, Alappuzha",N,64669,-,-,-,-,-,-,-,-,-,-,-,-,,32
Electrical and Computer Engineering,DMC,"M. Dasan Institute of Technology, Kozhikode",S,64119,-,-,-,-,-,-,-,-,-,-,-,-,,32
Electrical and Computer Engineering,MBC,"Mar Baselios Christian College of Engineering and Technology,Idukki",S,56655,-,-,-,-,-,-,-,-,-,-,-,-,,32
Electrical and Computer Engineering,MBT,"Mar Baselios College of Engineering and Technology, Thiruvananthapuram",S,29137,36075,44335,39876,-,54816,29511,-,-,-,61333,-,-,FW:21980,32
Electrical and Computer Engineering,MCE,"Marian Engineering College, Thiruvananthapuram",S,55033,57279,55531,-,-,-,-,-,-,-,-,-,-,,32
Electrical and Computer Engineering,MEA,"M E A Engineering College, Vengoor",S,54756,-,55792,-,-,-,-,-,-,-,-,-,-,"FW:25142, MM:43411",32
Electrical and Computer Engineering,NCE,"Nehru College of Engineering and Research Centre, Thrissur",S,65027,-,-,-,-,-,-,-,-,-,-,-,-,,32
Electrical and Computer Engineering,RIE,"Rajadhani Institute of Engineering and Technology, Thiruvananthapuram",S,62981,-,-,-,-,-,-,-,-,-,-,-,-,,32
Electrical and Computer Engineering,SHR,"Sahrdaya College of Engineering and Technology, Thrissur",S,56408,-,-,-,58565,-,-,-,-,-,-,-,-,,32
Electrical and Computer Engineering,TOC,"Toc H Institute of Science and Technology, Ernakulam",S,40915,55593,43525,-,-,-,-,-,-,-,-,-,45025,FW:27553,32
Food Technology,CDT,"Verghese Kurien Institue of Dairy & Food Technology, Mannuthy, Thrissur",G,12387,17019,14618,18833,-,20074,15468,-,-,-,31473,20265,26458,PD:56347,32
Food Technology,COU,"KUFOS, School of Ocean Engineering and Underwater Technology, Ernakulam",G,16728,22045,18818,31992,21895,31465,17693,-,-,-,29371,-,33316,CF:57988,32
Food Technology,KCT,"Kelappaji College of Agricultural Engineering and Food Technology, Tavanur",G,18680,24809,20509,61434,29237,24537,33102,31983,33137,33478,51655,54566,50041,,32
Food Technology,AJC,"Amal Jyothi College of Engineering, Kottayam",S,34039,38792,42039,-,-,-,49982,-,-,-,60853,-,-,"FW:22270, YB:53082",32
Food Technology,ECE,"ICCS College of Engineering and Management, Thrissur",S,56753,63386,61001,-,-,-,61256,-,-,-,57327,-,-,,32
Food Technology,ICE,"Ilahia College of Engineering and Technology, Ernakulam",S,43379,44773,45925,-,-,-,-,-,-,-,56263,-,-,FW:20809,33
Food Technology,MCC,"Musaliar College Of Engineering, Thiruvananthapuram",S,55380,58358,55727,-,-,-,58662,-,-,-,64658,-,-,MM:28089,33
Food Technology,MGP,"Saintgits College of Engineering, Kottayam",S,38534,46590,40455,44315,-,-,39227,-,-,-,55524,-,-,FW:31038,33
Food Technology,SBC,"Sree Buddha College of Engineering, Alappuzha",S,49649,58184,50645,-,-,-,-,-,-,-,53321,-,56359,FW:37915,33
Food Technology,TKI,"T K M Institute of Technology, Kollam",S,30788,44795,31412,-,53592,40917,34406,-,-,-,52632,-,-,FW:23747,33
Instrumentation & Control Engg.,NSS,"N S S College of Engineering, Palakkad",G,12308,12698,12890,36068,53334,12769,16024,57291,53213,38566,50382,-,16051,"CC:17, FW:8509",33
Industrial Engineering,TVE,"College of Engineering,Thiruvananthapuram.",G,6381,7394,7096,12488,18199,11494,7575,13205,35300,52253,31753,63272,15489,"CC:5, FW:3598",33
Information Technology,IDK,"Government Engineering College, Idukki",G,10384,17159,14024,47169,45487,24942,29972,54643,53647,-,54548,-,33960,"FW:11270, PT:13, XS:20425",33
Information Technology,PKD,"Government Engineering College, Palakkad",G,9645,11094,10329,27604,41097,10282,10552,30914,35473,-,41107,-,15634,"FW:7015, PT:24",33
Information Technology,TRV,"Government Engineering College Barton Hill, Thiruvananthapuram",G,7023,8664,7264,17227,24811,7483,7322,-,-,-,38624,-,14517,"CC:34, FW:5510, PD:43753, PT:17, SD:18983",33
Information Technology,KSD,"LBS College of Engineering, Kasaragod",N,32832,37365,33244,-,-,36063,34756,-,-,-,-,-,42957,"FW:20435, MG:53545",33
Information Technology,LBT,"LBS Institute of Technology for Women, Thiruvananthapuram",N,24553,28654,27066,49905,-,-,24864,-,-,-,62435,-,30821,"FW:16495, MG:40110",33
Information Technology,TLY,"College of Engineering,Thalassery, Kannur",N,29905,35356,33180,-,-,50356,34175,-,-,-,44715,-,58360,FW:16919,34
Information Technology,UCK,"University College of Engineering, Kariavattom, Thiruvananthapuram",N,31699,37380,35624,48638,-,34797,34163,32023,-,-,57432,-,52719,"FW:26032, MG:42149",34
Information Technology,VDA,"College of Engineering, Vadakara",N,44515,50842,47806,-,-,-,46757,-,-,-,-,-,-,FW:28645,34
Information Technology,KMC,"KMCT College of Engineering, Kozhikode",S,48545,56061,48933,-,-,-,-,-,-,-,-,-,-,FW:37252,34
Information Technology,MEA,"M E A Engineering College, Vengoor",S,46413,52927,47670,-,-,-,-,-,-,-,-,-,-,"FW:36151, MM:44197",34
Information Technology,RET,"Rajagiri School of Engineering and Technology, Ernakulam",S,12595,15505,15103,-,33394,27588,18594,-,-,-,52062,-,-,"FW:11561, YN:16401",34
Information Technology,TOC,"Toc H Institute of Science and Technology, Ernakulam",S,54692,62857,59306,65033,58976,-,-,-,-,-,65252,-,-,FW:35089,34
Information Technology,VJC,"Viswajyothi College of Engineering and Technology, Ernakulam",S,48553,51147,61341,-,-,-,51102,-,-,-,-,-,-,FW:36782,34
Mechanical Engineering,IDK,"Government Engineering College, Idukki",G,-,17685,13842,48640,54752,25899,22972,39146,48258,-,53123,-,49805,FW:12996,34
Mechanical Engineering,KKE,"Government Engineering College, Kozhikkode",G,10199,14783,12501,20310,15154,14465,14491,-,37711,46376,46065,-,23724,FW:9700,34
Mechanical Engineering,KNR,"Government College of Engineering, Kannur",G,10208,13731,12995,22276,39953,16145,14248,-,-,-,46311,-,21938,"FW:9539, SD:58043",34
Mechanical Engineering,KTE,"Govt. Rajiv Gandhi Institute of Tech., Kottayam.",G,9494,11058,9835,14398,25224,9811,10916,30405,22909,46236,41701,-,13118,FW:7024,34
Mechanical Engineering,MAC,"Mar Athanasius College of Engineering, Kothamangalam",G,9159,10686,9416,15286,29241,10645,11414,30196,31783,33291,42034,-,-,"CC:28, FW:7465, SD:15417, XS:10346",34
Mechanical Engineering,NSS,"N S S College of Engineering, Palakkad",G,10236,12091,11966,18431,31620,13164,11715,35483,26817,45152,45083,49157,17539,"FW:9067, SD:14894, XS:10675",34
Mechanical Engineering,PKD,"Government Engineering College, Palakkad",G,10244,15770,12889,26395,33693,14238,14895,-,-,-,49464,-,19841,FW:9899,34
Mechanical Engineering,TCR,"Govt. Engineering College,Thrissur.",G,4267,5089,4873,12519,16668,7513,4480,6863,14882,14009,25950,60366,10638,"FW:2872, PD:61486, PT:4",34
Mechanical Engineering,TKM,"T K M College of Engineering, Kollam.",G,6120,7414,6798,11182,22748,6880,7111,10429,18817,29290,35002,63491,-,"CC:9, FW:4775",34
Mechanical Engineering,TRV,"Government Engineering College Barton Hill, Thiruvananthapuram",G,9620,11257,10695,16037,24921,12340,13180,20961,34662,58396,41428,-,15882,FW:7594,34
Mechanical Engineering,TVE,"College of Engineering,Thiruvananthapuram.",G,2323,3159,2867,6897,13135,3779,3163,5956,5449,27021,17858,56795,6201,"FW:1681, PD:60216, RP:6354",35
Mechanical Engineering,WYD,"Government Engineering College, Wayanad",G,-,17519,13823,56860,52543,25368,24693,43966,57346,-,54975,-,53071,FW:13046,35
Mechanical Engineering,ADR,"College of Engineering, Adoor",N,25668,30530,28799,62608,-,25709,36508,-,-,-,59291,-,38158,"FW:19975, MG:39647",35
Mechanical Engineering,CEM,"College of Engineering Muttathara, Thiruvananthapuram",N,42300,56237,55292,54236,63613,48538,58404,-,-,58685,63704,-,63483,FW:23559,35
Mechanical Engineering,KNP,"College of Engineering, Karunagappally, Kollam",N,34646,39726,38146,-,56789,35841,-,-,-,-,63274,-,52332,"FW:19771, MG:48696",35
Mechanical Engineering,KSD,"LBS College of Engineering, Kasaragod",N,31567,32730,32586,-,64864,42441,32544,46277,59988,-,-,-,58625,"FW:20195, MG:41406, XS:42231",35
Mechanical Engineering,MDL,"Model Engineering College, Ernakulam",N,9182,11391,9943,12914,24363,12425,11961,-,-,-,28112,64797,11590,"FW:6229, MG:13029",35
Mechanical Engineering,MNR,"College of Engineering, Munnar",N,44885,51553,58284,52694,50100,-,47628,-,58434,-,61833,-,47331,MG:62251,35
Mechanical Engineering,PEC,"College of Engineering Pathanapuram, Kollam",N,56595,60946,61168,-,-,58169,-,-,-,-,64605,-,-,,35
Mechanical Engineering,PRN,"College of Engineering Perumon, Kollam",N,31160,35454,37296,49280,63983,38339,37567,-,-,-,59418,-,48154,"CB:64610, FW:18824",35
Mechanical Engineering,PRP,"CAPE College of Engineering, Punnapra, Alappuzha",N,52468,63792,65273,-,63789,54985,56811,-,-,-,-,-,58648,FW:27917,35
Mechanical Engineering,SCT,"S C T College of Engineering, Thiruvananthapuram",N,13186,14925,14998,20899,35062,14304,13595,16289,39054,44414,50838,-,23313,"FW:11886, MG:19821",35
Mechanical Engineering,TLY,"College of Engineering,Thalassery, Kannur",N,28431,31538,30804,-,-,40215,30213,-,-,-,63958,-,59080,"CB:51027, FW:15533",35
Mechanical Engineering,UCC,"Institute of Engineering and Technology, Malappuram",N,52094,61002,56547,-,-,-,57021,-,-,-,63313,-,-,,35
Mechanical Engineering,AAE,"Al-Azhar College of Engineering and Technology, Idukki",S,55743,-,-,-,-,-,-,-,-,-,-,-,-,,35
Mechanical Engineering,AAP,"Al-Ameen Engineering College, Palakkad",S,57230,-,-,-,-,-,-,-,-,-,-,-,-,,35
Mechanical Engineering,AIK,"Albertian Institute of Science and Technology, Kochi",S,52573,56374,55486,53320,-,-,58242,-,-,-,-,-,-,"FW:39733, YA:65143",35
Mechanical Engineering,AJC,"Amal Jyothi College of Engineering, Kottayam",S,30519,34655,36990,38256,53584,-,32282,-,-,-,63838,-,-,"FW:21276, YB:48969",35
Mechanical Engineering,AME,"Rajadhani Institute of Science and Technology, Palakkad",S,65341,-,-,-,-,-,-,-,-,-,-,-,-,,35
Mechanical Engineering,ASI,"Adi Shankara Institute of Engineering and Technology, Ernakulam",S,32819,37613,41792,50894,42395,38351,37032,-,-,-,-,-,62395,FW:23091,36
Mechanical Engineering,ATP,"Ahalia School of Engineering and Technology, Palakkad",S,64507,-,-,-,-,-,-,-,-,-,65188,-,-,FW:55863,36
Mechanical Engineering,AWH,"AWH Engineering College, Kozhikkode",S,62558,-,62585,-,-,-,-,-,-,-,-,-,-,,36
Mechanical Engineering,BJK,"Bishop Jerome Institute, Kollam",S,54068,64634,58417,-,-,-,-,-,-,-,-,-,-,FW:43848,36
Mechanical Engineering,BMC,"Baselios Mathews II College of Engineering, Kollam",S,61500,-,61781,-,-,-,-,-,-,-,-,-,-,FW:45377,36
Mechanical Engineering,CCE,"Christ College of Engineering, Thrissur",S,29916,30814,37877,-,43427,-,30885,-,-,-,57533,-,-,"FW:26299, YU:52642",36
Mechanical Engineering,CCV,"MGM TECHNOLOGICAL CAMPUS,Valanchery",S,65309,-,-,-,-,-,-,-,-,-,-,-,-,,36
Mechanical Engineering,CEN,"College of Engineering and Technology, Payyannur, Kannur.",S,54115,59555,57312,-,-,-,-,-,-,-,-,-,-,,36
Mechanical Engineering,CMA,"Carmel College of Engineering and Technology,Alappuzha",S,50026,52667,59930,50345,61250,-,-,-,-,-,-,-,-,FW:25182,36
Mechanical Engineering,DMC,"M. Dasan Institute of Technology, Kozhikode",S,57767,-,-,-,-,-,-,-,-,-,-,-,-,,36
Mechanical Engineering,EKC,"Eranad Knowledge City Technical Campus, Malappuram",S,63388,-,-,-,-,-,-,-,-,-,-,-,-,,36
Mechanical Engineering,FIT,"Federal Institute of Science and Technology, Ernakulam",S,20440,24461,21958,41124,38482,24164,23873,48769,45641,54086,64671,-,36130,FW:17774,36
Mechanical Engineering,HGW,"Holy Grace Academy of Engineering, Thrissur",S,58699,-,63948,-,-,-,-,-,-,-,-,-,-,,36
Mechanical Engineering,ICE,"Ilahia College of Engineering and Technology, Ernakulam",S,57583,62201,61087,-,-,-,-,-,-,-,-,-,-,FW:30834,36
Mechanical Engineering,IES,"I E S College of Engineering, Thrissur",S,63017,-,-,-,-,-,-,-,-,-,-,-,-,FW:27062,36
Mechanical Engineering,JBT,"Jai Bharath College of Management and Engineering Technology, Ernakulam",S,49159,-,-,-,-,-,-,-,-,-,-,-,-,,36
Mechanical Engineering,JEC,"Jyothi Engineering College, Thrissur",S,44671,51386,47792,-,-,-,45219,-,-,-,64193,-,-,FW:22271,36
Mechanical Engineering,JIT,"John Cox Memorial C S I Institute of Technology, Thiruvananthapuram",S,64258,-,-,-,-,-,-,-,-,-,-,-,-,,36
Mechanical Engineering,KIT,"Kottayam Institute of Technology and Science, Kottayam",S,61570,-,-,-,-,-,-,-,-,-,-,-,-,,37
Mechanical Engineering,KMC,"KMCT College of Engineering, Kozhikode",S,53041,62092,57184,-,-,63998,61362,-,-,-,-,-,-,FW:21802,37
Mechanical Engineering,KME,"K M E A Engineering College, Cochin",S,58490,64485,62334,-,-,62200,-,-,-,-,-,-,-,FW:44766,37
Mechanical Engineering,LMC,"Lourdes Matha College of Science and Technology, Thiruvananthapuram",S,61576,-,-,-,-,-,-,-,-,-,-,-,-,FW:32016,37
Mechanical Engineering,MBC,"Mar Baselios Christian College of Engineering and Technology,Idukki",S,58589,-,-,-,-,-,64672,-,-,-,-,-,-,,37
Mechanical Engineering,MBI,"Mar Baselios Institute of Technology and Science, Ernakulam",S,36752,53218,55592,-,-,-,-,-,-,-,-,-,-,"FW:33333, XS:41733",37
Mechanical Engineering,MBT,"Mar Baselios College of Engineering and Technology, Thiruvananthapuram",S,30338,38982,40261,50629,55056,45360,31366,-,54567,-,63625,-,-,FW:22460,37
Mechanical Engineering,MCE,"Marian Engineering College, Thiruvananthapuram",S,50485,59449,64552,54855,-,54434,51814,-,-,-,64455,-,-,FW:46822,37
Mechanical Engineering,MCK,"Musaliar College of Engineering and Technology, Pathanamthitta",S,63751,-,-,-,-,-,-,-,-,-,-,-,-,,37
Mechanical Engineering,MCT,"Mohandas College of Engineering and Technology, Thiruvananthapuram",S,59296,-,61756,-,-,62321,62657,-,-,-,-,-,59927,,37
Mechanical Engineering,MEA,"M E A Engineering College, Vengoor",S,36515,59220,37009,-,-,-,-,-,-,-,-,-,-,"FW:24833, MM:42789",37
Mechanical Engineering,MEE,"MES College of Engineering and Technology, Ernakulam",S,58646,-,65060,-,61110,-,59517,-,-,-,-,-,-,,37
Mechanical Engineering,MEK,"MES Institute of Technology and Management, Kollam",S,56544,-,59722,-,-,-,-,-,-,-,-,-,-,FW:49899,37
Mechanical Engineering,MET,"Mets School of Engineering, Thrissur",S,52097,-,-,-,-,-,-,-,-,-,-,-,-,,37
Mechanical Engineering,MGE,"MGM College of Engineering & Technology, Ernakulam",S,56615,-,-,-,-,-,-,-,-,-,-,-,-,,37
Mechanical Engineering,MGP,"Saintgits College of Engineering, Kottayam",S,32119,44905,34059,47824,41056,32629,38947,-,-,-,-,-,-,FW:22834,37
Mechanical Engineering,MHP,"ACE College Of Engineering, Thiruvananthapuram",S,63000,64716,-,-,-,-,63432,-,-,-,-,-,-,MM:20315,37
Mechanical Engineering,MLM,"Mangalam College of Engineering, Kottayam",S,61808,62113,-,-,-,-,-,-,-,-,65150,-,-,FW:40395,37
Mechanical Engineering,MLT,"Malabar Institute of Technology, Kannur",S,63427,-,-,-,-,-,-,-,-,-,-,-,-,,37
Mechanical Engineering,MUS,"Muslim Association College of Engineering, Thiruvananthapuram",S,63719,-,-,-,-,-,-,-,-,-,-,-,-,MM:58472,38
Mechanical Engineering,MUT,"Muthoot Institute of Technology and Science,Ernakulam",S,18573,20061,24131,42613,39118,19022,20384,-,-,-,60761,-,51145,FW:14711,38
Mechanical Engineering,NIE,"Nirmala College of Engineering Technology and Management, Thirissur",S,56425,-,-,-,-,-,-,-,-,-,-,-,-,FW:55254,38
Mechanical Engineering,PRC,"Providence College of Engineering, Chengannur",S,42076,42583,48174,-,-,-,-,-,-,-,-,-,63859,FW:36499,38
Mechanical Engineering,RCE,"Royal College of Engineering and Technology, Thrissur",S,64896,-,-,-,-,-,-,-,-,-,-,-,-,,38
Mechanical Engineering,RET,"Rajagiri School of Engineering and Technology, Ernakulam",S,16392,19438,17790,23931,25361,18997,17144,40468,62207,-,62870,65345,-,"FW:13553, YN:31309",38
Mechanical Engineering,RIE,"Rajadhani Institute of Engineering and Technology, Thiruvananthapuram",S,55556,65086,63399,55971,-,63619,57352,-,-,-,-,-,-,FW:34566,38
Mechanical Engineering,SBC,"Sree Buddha College of Engineering, Alappuzha",S,54278,64352,61414,-,-,-,59717,-,-,-,62706,-,59486,FW:40075,38
Mechanical Engineering,SCM,"SCMS School of Engineering and Technology, Ernakulam",S,23115,25903,26588,51258,-,-,25878,-,-,-,65390,-,50207,FW:13831,38
Mechanical Engineering,SIT,"Sarabhai Institute of Science and Technology, Thiruvananthapuram",S,64367,-,-,-,-,-,-,-,-,-,-,-,-,,38
Mechanical Engineering,SJC,"St Josephs College of Engineering and Technology, Palai",S,38593,41755,42582,59371,57703,47572,39381,-,-,-,63994,-,-,"FW:34287, YP:49807",38
Mechanical Engineering,SNC,"Sree Narayana Guru College of Engineering and Technology, Kannur",S,48894,50959,54289,-,-,-,49431,-,-,-,-,-,-,FW:39844,38
Mechanical Engineering,SNG,"Sree Narayana Gurukulam College of Engineering, Ernakulam",S,51018,59724,-,-,-,53898,-,-,-,-,61048,-,-,FW:40508,38
Mechanical Engineering,SNM,"SNM Institute of Management and Technology, Ernakulam",S,63979,-,-,-,-,-,-,-,-,-,-,-,-,,38
Mechanical Engineering,SNP,"Sree Narayana Institute of Technology, Adoor",S,64964,-,-,-,-,-,-,-,-,-,-,-,-,FW:56597,38
Mechanical Engineering,SPT,"Sreepathy Institute of Management and Technology, Palakkad",S,59581,-,-,-,-,-,-,-,-,-,-,-,-,FW:38660,38
Mechanical Engineering,STC,"St Thomas Colllege of Engineering and Technology, Alappuzha",S,59906,-,-,-,-,-,-,-,-,-,-,-,-,FW:38052,39
Mechanical Engineering,STI,"St. Thomas Institute For Science and Technology, Thiruvananthapuram",S,64747,-,64994,-,-,-,-,-,-,-,-,-,-,FW:48942,39
Mechanical Engineering,STM,"St.Thomas College of Engineering and Technology,Kannur",S,55326,64743,57274,-,-,-,-,-,-,-,-,-,-,FW:52551,39
Mechanical Engineering,TCE,"TOMS College of Engineering,Kottayam",S,57354,-,-,-,-,-,-,-,-,-,-,-,-,,39
Mechanical Engineering,TCT,"Trinity College of Engineering, Thiruvananthapuram",S,63727,-,-,-,-,-,-,-,-,-,-,-,-,FW:46433,39
Mechanical Engineering,TJE,"Thejus Engineering College, Thrissur",S,63344,-,-,-,-,-,-,-,-,-,-,-,-,FW:59541,39
Mechanical Engineering,TKI,"T K M Institute of Technology, Kollam",S,36138,38285,41024,-,-,-,-,-,62220,-,-,-,-,FW:20835,39
Mechanical Engineering,TOC,"Toc H Institute of Science and Technology, Ernakulam",S,41452,55012,46815,49725,-,42940,-,-,-,-,50855,-,58600,FW:33632,39
Mechanical Engineering,UKP,"UKF College of Engineering and Technology, Kollam",S,65017,-,-,-,-,-,-,-,-,-,-,-,-,FW:34189,39
Mechanical Engineering,UNT,"Universal Engineering College, Thrissur",S,62112,-,-,-,-,-,-,-,-,-,-,-,-,FW:41066,39
Mechanical Engineering,VAK,"Vidya Academy of Science and Technology, Thiruvananthapuram",S,55267,55406,55402,-,-,57508,-,-,-,-,-,-,61898,FW:29765,39
Mechanical Engineering,VAS,"Vidya Academy of Science and Technology, Thrissur",S,40098,48974,49585,-,-,-,41211,-,-,-,60315,-,61291,FW:23238,39
Mechanical Engineering,VIT,"VISAT Engineering College, Ernakulam",S,65312,-,-,-,-,-,-,-,-,-,-,-,-,FW:37403,39
Mechanical Engineering,VJC,"Viswajyothi College of Engineering and Technology, Ernakulam",S,40409,53227,50954,-,57650,52654,-,-,-,-,64740,-,-,"FW:32546, YQ:51611",39
Mechanical Engineering,VKE,"Valia Koonambaikulathamma College of Engineering and Technology, Parippally",S,64737,-,-,-,-,-,-,-,-,-,-,-,-,FW:42392,39
Mechanical Engineering,VML,"Vimal Jyothi Engineering College, Kannur",S,48781,54584,56353,-,-,62247,49057,-,-,-,64466,-,-,FW:35650,39
Mechanical Engineering,VPE,"Mahaguru Institute of Technology, Mavelikkara, Alappuzha",S,65006,-,-,-,-,-,-,-,-,-,-,-,-,FW:62475,39
Mechanical Engineering,VVT,"Veda Vyasa Institute of Technology, Malappuram.",S,65353,-,-,-,-,-,-,-,-,-,-,-,-,,39
Mechanical Engineering,YCE,"Younus College of Engineering and Technology, Kollam",S,60453,62329,63406,61400,-,-,-,-,-,-,-,-,-,MM:52316,40
Production Engineering,TCR,"Govt. Engineering College,Thrissur.",G,11741,14781,12621,15149,24238,14096,14688,45715,40103,57074,40574,-,18895,"CC:38, FW:9274",40
Robotics and Artificial Intelligence,IDK,"Government Engineering College, Idukki",G,9017,14290,12929,32948,45427,23146,17835,-,-,-,43132,-,30862,FW:8610,40
Robotics and Artificial Intelligence,KTE,"Govt. Rajiv Gandhi Institute of Tech., Kottayam.",G,6507,7709,6899,7454,9144,7199,6552,-,-,-,26184,48199,9745,FW:4434,40
Robotics and Artificial Intelligence,IES,"I E S College of Engineering, Thrissur",S,64948,-,-,-,-,-,-,-,-,-,-,-,-,FW:43747,40
Robotics and Artificial Intelligence,MEE,"MES College of Engineering and Technology, Ernakulam",S,64256,-,-,-,-,-,-,-,-,-,-,-,-,,40
Robotics and Artificial Intelligence,MGP,"Saintgits College of Engineering, Kottayam",S,37183,55803,46256,-,-,-,-,55719,-,-,63663,-,-,,40
Robotics and Artificial Intelligence,SPT,"Sreepathy Institute of Management and Technology, Palakkad",S,54166,-,-,-,-,-,-,-,-,-,-,-,-,,40
Artificial Intelligence and Data Science,CEC,"College of Engineering, Cherthala",N,25934,31926,28327,26967,43882,-,29641,53944,-,-,44431,-,56101,"FW:17674, MG:55864",40
Artificial Intelligence and Data Science,KNP,"College of Engineering, Karunagappally, Kollam",N,32780,37158,35534,51378,-,-,33699,41187,-,-,44908,-,47046,"FW:24932, MG:65406",40
Artificial Intelligence and Data Science,LBT,"LBS Institute of Technology for Women, Thiruvananthapuram",N,17097,22751,19058,33403,-,19197,19635,-,-,-,54905,-,36324,MG:36059,40
Artificial Intelligence and Data Science,PRN,"College of Engineering Perumon, Kollam",N,25927,29008,33297,41027,48472,46866,29037,29947,-,-,57866,-,47952,"CB:25901, FW:16239",40
Artificial Intelligence and Data Science,UCE,"University College of Engineering,Thodupuzha",N,44219,56143,58740,63688,52542,62164,54784,-,-,-,61876,-,48890,"FW:31345, PD:53974",41
Artificial Intelligence and Data Science,AAP,"Al-Ameen Engineering College, Palakkad",S,59984,-,-,-,-,-,-,-,-,-,-,-,-,FW:48443,41
Artificial Intelligence and Data Science,AJC,"Amal Jyothi College of Engineering, Kottayam",S,25066,28859,30317,46291,-,32414,27022,-,-,-,58854,-,-,"FW:19966, YB:47448",41
Artificial Intelligence and Data Science,AWH,"AWH Engineering College, Kozhikkode",S,56147,59219,59353,-,-,-,56469,-,-,-,60796,-,-,FW:37045,41
Artificial Intelligence and Data Science,EKC,"Eranad Knowledge City Technical Campus, Malappuram",S,60067,-,-,-,-,-,-,-,-,-,-,-,-,FW:32662,41
Artificial Intelligence and Data Science,GIK,"Gregorian Institute of Technology,Kanjirampara,Kottayam",S,63903,-,-,-,-,-,-,-,-,-,-,-,-,FW:53279,41
Artificial Intelligence and Data Science,HGW,"Holy Grace Academy of Engineering, Thrissur",S,64937,-,-,-,-,-,-,-,-,-,-,-,-,,41
Artificial Intelligence and Data Science,ICE,"Ilahia College of Engineering and Technology, Ernakulam",S,48943,54906,50566,-,-,-,-,53327,-,-,-,-,-,FW:32926,41
Artificial Intelligence and Data Science,JEC,"Jyothi Engineering College, Thrissur",S,39076,48187,44967,-,40129,59328,42555,-,-,-,53024,-,-,"FW:25593, YZ:48754",41
Artificial Intelligence and Data Science,KME,"K M E A Engineering College, Cochin",S,49273,59191,55420,-,-,-,64973,-,-,-,50357,-,-,FW:34615,41
Artificial Intelligence and Data Science,KMI,"KMCT Institute of Technology and Management,Kuttipuram,Malappuram",S,64776,-,-,-,-,-,-,-,-,-,-,-,-,,41
Artificial Intelligence and Data Science,KMT,"KMCT Institute of Emerging Technology and Management, Mukkam, Kozhikode",S,49145,57015,52963,-,-,-,54379,-,-,-,64383,-,-,FW:32569,41
Artificial Intelligence and Data Science,KMV,"KMCT College of Engineering for Emerging Technologies & Management, Vadakara",S,61325,-,-,-,64808,-,-,-,-,-,-,-,-,,41
Artificial Intelligence and Data Science,KMY,"KMCT College of Engineering for Emerging Technologies & Management, Perinthalmanna, Malappuram",S,60653,-,-,-,-,-,-,-,-,-,-,-,-,FW:41116,41
Artificial Intelligence and Data Science,KMZ,"KMCT College of Engineering for Emerging Technologies & Management, Kasargod",S,63028,-,-,-,-,-,-,-,-,-,-,-,-,FW:35402,41
Artificial Intelligence and Data Science,MEA,"M E A Engineering College, Vengoor",S,32062,54736,34795,-,-,-,-,-,-,-,-,-,-,"FW:22094, MM:34549",41
Artificial Intelligence and Data Science,MEE,"MES College of Engineering and Technology, Ernakulam",S,65421,-,-,-,-,-,-,-,-,-,-,-,-,,41
Artificial Intelligence and Data Science,MES,"M E S College of Engineering, Kuttippuram",S,26475,35156,26974,-,-,-,46168,-,-,-,-,-,-,FW:13906,41
Artificial Intelligence and Data Science,MET,"Mets School of Engineering, Thrissur",S,62484,-,-,-,-,-,-,-,-,-,-,-,-,,42
Artificial Intelligence and Data Science,MUT,"Muthoot Institute of Technology and Science,Ernakulam",S,14525,17127,15519,19881,28895,14526,16749,-,-,-,57551,-,29394,FW:12930,42
Artificial Intelligence and Data Science,NIE,"Nirmala College of Engineering Technology and Management, Thirissur",S,62514,-,-,-,-,-,-,-,-,-,-,-,-,FW:34350,42
Artificial Intelligence and Data Science,PAA,"P A Aziz College of Engineering and Technology, Thiruvananthapuram",S,63775,-,-,-,-,-,-,-,-,-,-,-,-,,42
Artificial Intelligence and Data Science,RCE,"Royal College of Engineering and Technology, Thrissur",S,62730,-,-,-,-,-,-,-,-,-,-,-,-,FW:43501,42
Artificial Intelligence and Data Science,RET,"Rajagiri School of Engineering and Technology, Ernakulam",S,8990,10219,9634,15070,21899,-,-,-,-,-,52893,-,-,"FW:8227, YN:15520",42
Artificial Intelligence and Data Science,SIT,"Sarabhai Institute of Science and Technology, Thiruvananthapuram",S,62849,-,-,-,-,-,-,-,-,-,-,-,-,,42
Artificial Intelligence and Data Science,SJC,"St Josephs College of Engineering and Technology, Palai",S,32192,34379,54393,35532,52361,-,37050,-,-,-,54165,-,-,"FW:24359, YP:45843",42
Artificial Intelligence and Data Science,SNC,"Sree Narayana Guru College of Engineering and Technology, Kannur",S,61937,-,65228,-,-,-,-,-,-,-,64255,-,-,FW:39169,42
Artificial Intelligence and Data Science,SPT,"Sreepathy Institute of Management and Technology, Palakkad",S,60043,62872,60497,-,-,-,-,-,-,-,-,-,-,FW:28968,42
Artificial Intelligence and Data Science,TCE,"TOMS College of Engineering,Kottayam",S,60613,-,-,-,-,-,-,-,-,-,-,-,-,,42
Artificial Intelligence and Data Science,UNT,"Universal Engineering College, Thrissur",S,63073,-,-,-,-,-,-,-,-,-,-,-,-,,42
Artificial Intelligence and Data Science,VJC,"Viswajyothi College of Engineering and Technology, Ernakulam",S,29851,31372,43716,57496,-,-,-,-,-,-,-,-,-,"FW:16512, YQ:49821",42
Artificial Intelligence and Data Science,VML,"Vimal Jyothi Engineering College, Kannur",S,42127,62479,64775,60346,-,57171,48727,-,-,-,-,-,-,FW:24759,42
Bio Technology and Biochemical Engg.,SCT,"S C T College of Engineering, Thiruvananthapuram",N,9686,13678,10698,16864,21530,11937,18075,-,-,-,26639,-,21192,"FW:6718, MG:18350",42
Bio Technology and Biochemical Engg.,MCT,"Mohandas College of Engineering and Technology, Thiruvananthapuram",S,37669,47043,63226,-,42368,57940,44938,-,-,-,65336,-,-,,42
Bio Technology and Biochemical Engg.,SBC,"Sree Buddha College of Engineering, Alappuzha",S,39378,40257,-,-,-,-,-,-,-,-,-,-,41944,FW:32979,43
Computer Science and Engineering (Artificial Intelligence and Machine Learning),CEA,"College of Engineering, Attingal",N,28203,32999,36845,44814,43346,37853,36289,41073,45772,-,42527,-,36323,"FW:19825, MG:49132",43
Computer Science and Engineering (Artificial Intelligence and Machine Learning),CEK,"College of Engineering,Kottarakkara, Kollam",N,37891,43196,44140,48699,55363,39397,52079,-,-,-,60713,-,43216,"FW:20974, MG:55916",43
Computer Science and Engineering (Artificial Intelligence and Machine Learning),CHN,"College of Engineering,Chengannur",N,11327,11790,12150,21823,-,13926,11646,-,-,53860,41752,-,18109,"FW:9169, MG:22622",43
Computer Science and Engineering (Artificial Intelligence and Machine Learning),SCT,"S C T College of Engineering, Thiruvananthapuram",N,7154,8836,7601,9499,13769,-,8465,-,26457,-,23649,48828,12389,"FW:6378, MG:11495, PD:65260",43
Computer Science and Engineering (Artificial Intelligence and Machine Learning),AIK,"Albertian Institute of Science and Technology, Kochi",S,38646,44238,42472,39061,58247,-,39525,-,-,-,44643,-,-,"FW:27512, YA:56827",43
Computer Science and Engineering (Artificial Intelligence and Machine Learning),AME,"Rajadhani Institute of Science and Technology, Palakkad",S,65382,-,-,-,-,-,-,-,-,-,-,-,-,,43
Computer Science and Engineering (Artificial Intelligence and Machine Learning),CIM,"Mentor Academy for Design Entrepreneurship Innovation and Technology , Ettapilly, Ernakulam",S,63932,-,-,-,-,-,-,-,-,-,-,-,-,,43
Computer Science and Engineering (Artificial Intelligence and Machine Learning),JIT,"John Cox Memorial C S I Institute of Technology, Thiruvananthapuram",S,54459,-,-,-,-,-,-,-,-,-,-,-,-,FW:43518,43
Computer Science and Engineering (Artificial Intelligence and Machine Learning),KVE,"KVM College of Engineering and Information Technology, Alappuzha",S,58173,-,-,-,-,-,-,-,-,-,-,-,-,,43
Computer Science and Engineering (Artificial Intelligence and Machine Learning),MBI,"Mar Baselios Institute of Technology and Science, Ernakulam",S,39786,54569,44006,-,61230,-,48561,-,-,-,60575,-,-,"FW:30014, YH:64827",43
Computer Science and Engineering (Artificial Intelligence and Machine Learning),MCK,"Musaliar College of Engineering and Technology, Pathanamthitta",S,63975,-,-,-,-,-,-,-,-,-,-,-,-,FW:48221,43
Computer Science and Engineering (Artificial Intelligence and Machine Learning),MEA,"M E A Engineering College, Vengoor",S,26907,-,28922,-,-,-,-,-,-,-,-,-,-,"FW:15700, MM:21136",43
Computer Science and Engineering (Artificial Intelligence and Machine Learning),NCE,"Nehru College of Engineering and Research Centre, Thrissur",S,41123,57712,53214,-,-,-,43810,-,-,-,-,-,-,FW:27369,43
Computer Science and Engineering (Artificial Intelligence and Machine Learning),RIE,"Rajadhani Institute of Engineering and Technology, Thiruvananthapuram",S,46630,55180,57628,-,-,52351,47564,59852,-,-,53283,-,58198,FW:23796,43
Computer Science and Engineering (Artificial Intelligence and Machine Learning),SBC,"Sree Buddha College of Engineering, Alappuzha",S,43410,58563,64587,-,-,54182,-,-,-,-,59365,-,-,FW:23684,44
Computer Science and Engineering (Artificial Intelligence and Machine Learning),SHR,"Sahrdaya College of Engineering and Technology, Thrissur",S,30691,35329,43349,52663,35995,-,52860,-,-,-,-,-,-,YO:31526,44
Computer Science and Engineering (Artificial Intelligence and Machine Learning),STC,"St Thomas Colllege of Engineering and Technology, Alappuzha",S,56842,57853,61727,-,-,-,-,-,-,-,-,-,-,FW:40746,44
Computer Science and Engineering (Artificial Intelligence and Machine Learning),STI,"St. Thomas Institute For Science and Technology, Thiruvananthapuram",S,60400,64705,65288,64866,-,-,60430,60798,-,-,-,-,-,FW:40462,44
Computer Science and Engineering (Artificial Intelligence and Machine Learning),TCT,"Trinity College of Engineering, Thiruvananthapuram",S,65422,-,-,-,-,-,-,-,-,-,-,-,-,,44
Computer Science and Engineering (Artificial Intelligence and Machine Learning),TKI,"T K M Institute of Technology, Kollam",S,26775,42100,39006,50942,-,-,27828,-,-,-,64701,-,-,FW:15643,44
Computer Science and Engineering (Artificial Intelligence and Machine Learning),VIT,"VISAT Engineering College, Ernakulam",S,56613,58807,-,-,59289,-,-,-,-,-,-,-,-,FW:40594,44
Computer Science and Business Systems,KSD,"LBS College of Engineering, Kasaragod",N,34397,43378,35006,-,-,-,38804,-,-,-,-,-,60228,"FW:26466, MG:53692",44
Computer Science and Business Systems,MDL,"Model Engineering College, Ernakulam",N,3476,4367,4139,6112,-,6627,5307,24012,30516,-,26973,-,9132,"FW:2851, MG:5897",44
Computer Science and Business Systems,PRP,"CAPE College of Engineering, Punnapra, Alappuzha",N,62248,63516,-,-,-,63535,-,-,-,-,65187,-,-,,44
Computer Science and Business Systems,CCE,"Christ College of Engineering, Thrissur",S,30398,36090,36478,-,-,32947,43344,-,-,-,-,-,-,FW:25690,44
Computer Science and Business Systems,EKC,"Eranad Knowledge City Technical Campus, Malappuram",S,65031,-,-,-,-,-,-,-,-,-,-,-,-,FW:56310,44
Computer Science and Business Systems,KMV,"KMCT College of Engineering for Emerging Technologies & Management, Vadakara",S,61016,-,-,-,-,-,-,-,-,-,-,-,-,,44
Computer Science and Business Systems,KMY,"KMCT College of Engineering for Emerging Technologies & Management, Perinthalmanna, Malappuram",S,63428,-,-,-,-,-,-,-,-,-,-,-,-,,44
Computer Science and Business Systems,KMZ,"KMCT College of Engineering for Emerging Technologies & Management, Kasargod",S,64795,-,-,-,-,-,-,-,-,-,-,-,-,,44
Computer Science and Business Systems,MLM,"Mangalam College of Engineering, Kottayam",S,56818,-,-,-,-,-,-,-,-,-,-,-,-,FW:56473,44
Computer Science and Business Systems,RET,"Rajagiri School of Engineering and Technology, Ernakulam",S,10983,13094,11746,11839,21191,-,11396,-,-,-,46083,-,-,"FW:9081, YN:13102",45
Computer Science and Business Systems,SNG,"Sree Narayana Gurukulam College of Engineering, Ernakulam",S,65427,-,-,-,-,-,-,-,-,-,-,-,-,,45
Computer Science and Engineering (Cyber Security),PTA,"College of Engineering, Kallooppara, Thiruvalla",N,31828,42336,33628,45585,-,37434,43666,-,-,-,55356,-,47073,"FW:16569, MG:64616",45
Computer Science and Engineering (Cyber Security),UCE,"University College of Engineering,Thodupuzha",N,46405,58415,57928,64238,-,47353,59158,-,-,-,58344,-,56252,FW:27121,45
Computer Science and Engineering (Cyber Security),AAE,"Al-Azhar College of Engineering and Technology, Idukki",S,64599,-,-,-,-,-,-,-,-,-,-,-,-,FW:54891,45
Computer Science and Engineering (Cyber Security),AAP,"Al-Ameen Engineering College, Palakkad",S,-,-,-,-,-,-,-,-,-,-,-,-,-,FW:57592,45
Computer Science and Engineering (Cyber Security),AJC,"Amal Jyothi College of Engineering, Kottayam",S,24700,29969,25681,36247,-,-,35152,-,-,-,61520,-,-,"FW:17485, YB:39500",45
Computer Science and Engineering (Cyber Security),AME,"Rajadhani Institute of Science and Technology, Palakkad",S,64445,-,-,-,-,-,-,-,-,-,-,-,-,,45
Computer Science and Engineering (Cyber Security),CCV,"MGM TECHNOLOGICAL CAMPUS,Valanchery",S,-,-,-,-,-,-,-,-,-,-,-,-,-,FW:58470,45
Computer Science and Engineering (Cyber Security),CIM,"Mentor Academy for Design Entrepreneurship Innovation and Technology , Ettapilly, Ernakulam",S,58225,-,-,-,-,-,-,-,-,-,-,-,-,,45
Computer Science and Engineering (Cyber Security),DMC,"M. Dasan Institute of Technology, Kozhikode",S,63469,-,-,-,-,-,-,-,-,-,-,-,-,FW:50779,45
Computer Science and Engineering (Cyber Security),EKC,"Eranad Knowledge City Technical Campus, Malappuram",S,56600,-,-,-,-,-,-,-,-,-,-,-,-,FW:39802,45
Computer Science and Engineering (Cyber Security),HGW,"Holy Grace Academy of Engineering, Thrissur",S,63547,-,-,-,-,-,-,-,-,-,-,-,-,FW:55602,45
Computer Science and Engineering (Cyber Security),ICE,"Ilahia College of Engineering and Technology, Ernakulam",S,52053,58412,53668,-,-,-,-,-,-,-,62668,-,-,FW:31823,45
Computer Science and Engineering (Cyber Security),JBT,"Jai Bharath College of Management and Engineering Technology, Ernakulam",S,61794,-,-,-,-,-,-,-,-,-,-,-,-,,46
Computer Science and Engineering (Cyber Security),JCE,"Jawaharlal College of Engineering and Technology, Palakkad",S,47884,64577,60924,-,59339,-,54362,-,-,-,59706,-,53211,FW:23230,46
Computer Science and Engineering (Cyber Security),JEC,"Jyothi Engineering College, Thrissur",S,32609,38948,36504,-,-,-,37702,-,-,-,-,-,-,FW:27415,46
Computer Science and Engineering (Cyber Security),KMI,"KMCT Institute of Technology and Management,Kuttipuram,Malappuram",S,49626,-,50578,-,-,55093,-,-,-,-,61344,-,-,,46
Computer Science and Engineering (Cyber Security),KMT,"KMCT Institute of Emerging Technology and Management, Mukkam, Kozhikode",S,44714,62773,48681,-,-,51036,52524,-,-,-,-,-,61942,FW:27859,46
Computer Science and Engineering (Cyber Security),KVE,"KVM College of Engineering and Information Technology, Alappuzha",S,49828,-,-,-,-,-,-,-,-,-,-,-,-,,46
Computer Science and Engineering (Cyber Security),MES,"M E S College of Engineering, Kuttippuram",S,26928,35486,28352,-,43453,54132,51295,-,-,-,39985,-,-,FW:18250,46
Computer Science and Engineering (Cyber Security),MGE,"MGM College of Engineering & Technology, Ernakulam",S,64257,-,-,-,-,-,-,-,-,-,-,-,-,,46
Computer Science and Engineering (Cyber Security),MLT,"Malabar Institute of Technology, Kannur",S,64571,-,-,-,-,-,-,-,-,-,-,-,-,,46
Computer Science and Engineering (Cyber Security),MUT,"Muthoot Institute of Technology and Science,Ernakulam",S,13753,14718,15580,18267,-,-,16163,21735,-,46283,53450,-,29842,FW:11172,46
Computer Science and Engineering (Cyber Security),RCE,"Royal College of Engineering and Technology, Thrissur",S,64904,-,-,-,-,-,-,-,-,-,-,-,-,FW:63082,46
Computer Science and Engineering (Cyber Security),RIE,"Rajadhani Institute of Engineering and Technology, Thiruvananthapuram",S,46634,51635,56449,58971,-,60928,58303,-,-,-,65111,-,63668,FW:28663,46
Computer Science and Engineering (Cyber Security),SJC,"St Josephs College of Engineering and Technology, Palai",S,30607,36849,37383,60432,-,-,39285,-,-,-,-,-,-,"FW:26672, YP:48633",46
Computer Science and Engineering (Cyber Security),SNG,"Sree Narayana Gurukulam College of Engineering, Ernakulam",S,49230,57034,61701,60192,55730,49291,-,-,-,-,62457,-,62249,FW:27390,46
Computer Science and Engineering (Cyber Security),SNM,"SNM Institute of Management and Technology, Ernakulam",S,60786,-,-,-,-,-,-,-,-,-,-,-,-,FW:46128,46
Computer Science and Engineering (Cyber Security),TCT,"Trinity College of Engineering, Thiruvananthapuram",S,64218,-,-,-,-,-,-,-,-,-,-,-,-,FW:53264,46
Computer Science and Engineering (Cyber Security),UKP,"UKF College of Engineering and Technology, Kollam",S,56633,-,64152,-,-,-,-,-,-,-,64665,-,64789,FW:38123,46
Computer Science and Engineering (Cyber Security),VKE,"Valia Koonambaikulathamma College of Engineering and Technology, Parippally",S,63327,-,-,-,-,-,-,-,-,-,-,-,-,FW:52458,46
Computer Science and Engineering (Cyber Security),VML,"Vimal Jyothi Engineering College, Kannur",S,39251,42928,52082,-,-,53351,47878,-,-,-,56758,-,-,FW:17854,47
Electronics & Biomedical Engineering,MDL,"Model Engineering College, Ernakulam",N,7331,9994,8955,10142,16754,13051,7946,-,-,-,23413,-,15203,"FW:4399, MG:13341",47
Electronics & Biomedical Engineering,ASI,"Adi Shankara Institute of Engineering and Technology, Ernakulam",S,31880,35217,37239,47212,52039,-,40755,-,-,-,59205,-,44471,FW:19034,47
Electronics and Computer Science,UCC,"Institute of Engineering and Technology, Malappuram",N,38980,57981,44365,-,-,49731,52951,-,-,-,-,-,-,,47
Electronics and Computer Engineering,LBT,"LBS Institute of Technology for Women, Thiruvananthapuram",N,22576,26835,29734,25917,51325,27695,26984,-,-,-,59568,-,31640,"FW:16286, MG:39831",47
Electronics and Computer Engineering,PRN,"College of Engineering Perumon, Kollam",N,40930,48432,46382,52177,-,62337,45368,-,-,-,61399,-,54815,FW:26869,47
Electronics and Computer Engineering,TLY,"College of Engineering,Thalassery, Kannur",N,38162,41911,45013,-,40772,48030,39268,-,-,-,65099,-,-,FW:24535,47
Electronics and Computer Engineering,MBC,"Mar Baselios Christian College of Engineering and Technology,Idukki",S,48807,-,-,-,-,-,-,-,-,-,-,-,-,,47
Electronics and Computer Engineering,MCE,"Marian Engineering College, Thiruvananthapuram",S,52545,56900,55511,60267,-,56327,56006,-,-,-,-,-,-,FW:41600,47
Electronics and Computer Engineering,MCT,"Mohandas College of Engineering and Technology, Thiruvananthapuram",S,65248,-,-,-,-,-,-,-,-,-,-,-,-,,47
Electronics and Computer Engineering,MEC,"Malabar College of Engineering and Technology, Thrissur",S,35142,-,-,-,-,-,-,-,-,-,-,-,-,,47
Electronics and Computer Engineering,MGP,"Saintgits College of Engineering, Kottayam",S,29753,36532,37654,55866,-,47483,37515,-,-,-,-,-,-,FW:24844,47
Electronics and Computer Engineering,MLM,"Mangalam College of Engineering, Kottayam",S,64140,-,-,-,-,-,-,-,-,-,-,-,-,,48
Electronics and Computer Engineering,SBC,"Sree Buddha College of Engineering, Alappuzha",S,65249,-,-,-,-,-,-,-,-,-,-,-,-,FW:40091,48
Electronics and Computer Engineering,SJC,"St Josephs College of Engineering and Technology, Palai",S,37177,39607,47450,-,-,45494,46838,-,-,-,-,-,-,"FW:36491, YP:49737",48
Electronics and Computer Engineering,SNP,"Sree Narayana Institute of Technology, Adoor",S,61811,-,-,-,-,-,-,-,-,-,-,-,-,,48
Electronics and Computer Engineering,STI,"St. Thomas Institute For Science and Technology, Thiruvananthapuram",S,64491,-,-,-,-,-,-,-,-,-,-,-,-,,48
Electronics and Computer Engineering,TJE,"Thejus Engineering College, Thrissur",S,63895,-,-,-,-,-,-,-,-,-,-,-,-,FW:49700,48
Electronics Engineering (VLSI Design & Technology),MDL,"Model Engineering College, Ernakulam",N,4438,4776,6246,11983,21722,-,5222,-,-,-,30004,-,10330,"FW:3549, MG:6478",48
Electronics Engineering (VLSI Design & Technology),CCE,"Christ College of Engineering, Thrissur",S,34759,37737,42131,-,-,-,-,-,-,-,-,-,-,,48
Electronics Engineering (VLSI Design & Technology),MGP,"Saintgits College of Engineering, Kottayam",S,38039,51856,41751,-,58019,64620,39934,-,-,-,-,-,-,FW:30370,48
Electronics Engineering (VLSI Design & Technology),MUT,"Muthoot Institute of Technology and Science,Ernakulam",S,16281,19091,20257,29235,44253,-,18658,-,-,-,61209,-,46696,,48
Electronics Engineering (VLSI Design & Technology),SCM,"SCMS School of Engineering and Technology, Ernakulam",S,27772,31721,30609,-,-,56393,-,-,-,-,-,-,56050,FW:19266,48
Computer Science and Engineering (Artificial Intelligence and Data Science),KSD,"LBS College of Engineering, Kasaragod",N,21014,28034,21501,-,-,-,24402,-,-,-,63185,-,34539,"FW:10254, MG:39838",48
Computer Science and Engineering (Artificial Intelligence and Data Science),CIM,"Mentor Academy for Design Entrepreneurship Innovation and Technology , Ettapilly, Ernakulam",S,57461,-,-,-,-,-,-,-,-,-,-,-,-,,48
Mechanical Engg. (Automobile),SCT,"S C T College of Engineering, Thiruvananthapuram",N,18619,24989,20429,42029,43297,21787,18842,-,-,-,54258,-,41989,"FW:16904, MG:29473",49
Mechanical Engg. (Automobile),AJC,"Amal Jyothi College of Engineering, Kottayam",S,41417,65024,59156,-,-,-,-,-,-,-,63850,-,-,"FW:30102, YB:59450",49
Mechanical Engg. (Automobile),SNP,"Sree Narayana Institute of Technology, Adoor",S,62346,-,-,-,-,-,-,-,-,-,-,-,-,,49
Polymer Engineering,UCE,"University College of Engineering,Thodupuzha",N,63656,-,-,-,-,-,-,-,-,-,-,-,-,,49
Printing Technology,UCC,"Institute of Engineering and Technology, Malappuram",N,64202,-,-,-,-,-,-,-,-,-,-,-,-,,49
Artificial Intelligence,BMC,"Baselios Mathews II College of Engineering, Kollam",S,64281,-,-,-,-,-,-,-,-,-,-,-,-,FW:24655,49
Aeronautical Engineering,JCE,"Jawaharlal College of Engineering and Technology, Palakkad",S,51224,57287,65034,-,62935,64361,59223,-,-,-,63770,-,57182,FW:27562,49
Aeronautical Engineering,MHP,"ACE College Of Engineering, Thiruvananthapuram",S,34633,51123,55213,50909,-,50893,44802,-,-,-,60569,-,-,"FW:13406, MM:14997",50
Aeronautical Engineering,MZC,"Mount Zion College of Engineering, Pathanamthitta",S,46787,48898,50689,-,-,-,-,-,-,-,-,-,-,,50
Aeronautical Engineering,RIE,"Rajadhani Institute of Engineering and Technology, Thiruvananthapuram",S,46763,53843,63777,62852,-,59540,57473,-,-,-,65076,-,48768,FW:29514,50
Aeronautical Engineering,TCE,"TOMS College of Engineering,Kottayam",S,65322,-,-,-,-,-,-,-,-,-,-,-,-,,50
Automobile Engineering,AAE,"Al-Azhar College of Engineering and Technology, Idukki",S,63771,-,-,-,-,-,-,-,-,-,-,-,-,,50
Automobile Engineering,KIT,"Kottayam Institute of Technology and Science, Kottayam",S,36976,-,-,-,-,-,-,-,-,-,-,-,-,,50
Automobile Engineering,KMC,"KMCT College of Engineering, Kozhikode",S,64899,-,-,-,-,-,-,-,-,-,-,-,-,,50
Automobile Engineering,SCM,"SCMS School of Engineering and Technology, Ernakulam",S,56728,64102,64913,-,-,-,-,-,-,-,-,-,-,FW:37620,50
Computer Science & Engineering and Business Systems,VML,"Vimal Jyothi Engineering College, Kannur",S,46703,49526,59523,-,-,-,56398,-,-,-,-,-,-,FW:16731,50
Bio Medical Engineering,AAE,"Al-Azhar College of Engineering and Technology, Idukki",S,64822,-,-,-,-,-,-,-,-,-,-,-,-,FW:57477,50
Bio Medical Engineering,ICE,"Ilahia College of Engineering and Technology, Ernakulam",S,51549,54199,53203,-,-,-,-,-,56421,64057,60254,-,-,FW:25981,50
Bio Medical Engineering,KMW,"KMCT College of Engineering for Women, Kozhikode",S,47845,61547,51680,-,-,62261,61204,-,-,-,-,-,51710,,51
Bio Medical Engineering,MCC,"Musaliar College Of Engineering, Thiruvananthapuram",S,63279,-,-,-,-,-,-,-,-,-,-,-,-,MM:29173,51
Bio Medical Engineering,MEC,"Malabar College of Engineering and Technology, Thrissur",S,56245,57702,-,-,-,-,58689,-,-,-,-,-,-,FW:39361,51
Bio Medical Engineering,RIE,"Rajadhani Institute of Engineering and Technology, Thiruvananthapuram",S,41760,48832,58992,51686,50957,59599,54529,-,-,-,62526,-,-,FW:26933,51
Bio Medical Engineering,SHR,"Sahrdaya College of Engineering and Technology, Thrissur",S,24469,34643,30694,40588,-,28288,49554,-,-,-,65347,-,-,"FW:18263, YO:56365",51
Bio Medical Engineering,SNP,"Sree Narayana Institute of Technology, Adoor",S,52442,53764,57098,-,56495,-,-,-,-,-,-,-,-,,51
Bio Medical Engineering,TKI,"T K M Institute of Technology, Kollam",S,21054,30311,24149,31786,34255,-,32708,-,-,-,61707,-,-,FW:13965,51
Biomedical & Robotic Engineering,JIT,"John Cox Memorial C S I Institute of Technology, Thiruvananthapuram",S,45297,-,55777,-,-,-,54922,-,-,-,60782,-,-,,51
Bio Technology,MET,"Mets School of Engineering, Thrissur",S,44185,63593,62444,-,48074,-,61188,-,-,-,61238,-,-,,51
Bio Technology,SHR,"Sahrdaya College of Engineering and Technology, Thrissur",S,24090,29867,28237,-,-,51028,26039,-,-,-,65139,-,-,FW:14508,51
Civil Engineering with Computer Application,JCE,"Jawaharlal College of Engineering and Technology, Palakkad",S,63968,-,-,-,-,-,-,-,-,-,-,-,-,FW:52045,52
Civil Engineering with Computer Application,MGP,"Saintgits College of Engineering, Kottayam",S,50714,50920,55316,-,-,-,-,64512,-,-,61835,-,-,,52
Electronics & Instrumentation,FIT,"Federal Institute of Science and Technology, Ernakulam",S,25025,29578,31197,25970,39492,55218,26278,-,-,-,63889,-,56530,FW:20268,52
Safety & Fire Engineering,EKC,"Eranad Knowledge City Technical Campus, Malappuram",S,62778,-,-,-,-,-,-,-,-,-,-,-,-,FW:44324,52
Safety & Fire Engineering,KME,"K M E A Engineering College, Cochin",S,47174,55710,55219,-,-,-,-,-,-,-,-,-,-,FW:23479,52
Safety & Fire Engineering,MLM,"Mangalam College of Engineering, Kottayam",S,57643,65324,-,-,-,-,-,-,-,-,-,-,-,,52
Safety & Fire Engineering,TOC,"Toc H Institute of Science and Technology, Ernakulam",S,38822,47322,45381,48374,42888,-,47286,-,-,-,64928,-,63875,"FW:19712, XS:41979",52
Computer Science & Engineering (Internet of Things & Cyber Security including Block Chain),PRC,"Providence College of Engineering, Chengannur",S,59363,61544,-,60179,-,-,-,-,-,-,61094,-,-,FW:43120,52
Metallurgical and Materials Engineering,AJC,"Amal Jyothi College of Engineering, Kottayam",S,37276,46780,46863,-,-,-,-,-,-,-,-,-,-,"FW:25805, YB:64330",52
Mechanical Engineering (Industry Integrated),JCE,"Jawaharlal College of Engineering and Technology, Palakkad",S,64381,-,-,-,-,-,-,-,-,-,-,-,-,FW:32034,53
Mechanical Engineering (Industry Integrated),NCE,"Nehru College of Engineering and Research Centre, Thrissur",S,65170,-,-,-,-,-,-,-,-,-,-,-,-,,53
Mechatronics Engineering,JEC,"Jyothi Engineering College, Thrissur",S,43199,56429,62836,60402,-,-,45130,-,-,-,-,-,-,FW:14993,53
Mechatronics Engineering,MEC,"Malabar College of Engineering and Technology, Thrissur",S,63743,-,-,-,-,-,-,-,-,-,-,-,-,FW:60843,53
Mechatronics Engineering,MHP,"ACE College Of Engineering, Thiruvananthapuram",S,64018,-,65071,-,-,-,-,-,-,-,-,-,-,"FW:51793, MM:52203",53
Mechatronics Engineering,NCE,"Nehru College of Engineering and Research Centre, Thrissur",S,60828,-,-,-,-,-,60908,-,-,-,-,-,-,FW:30062,53
Mechatronics Engineering,NIE,"Nirmala College of Engineering Technology and Management, Thirissur",S,64702,-,-,-,-,-,-,-,-,-,-,-,-,,53
Mechatronics Engineering,SNP,"Sree Narayana Institute of Technology, Adoor",S,11443,17474,17174,-,-,-,-,32851,49689,-,18886,-,27337,,53
Robotics & Automation,ASI,"Adi Shankara Institute of Engineering and Technology, Ernakulam",S,45458,47519,54986,-,52904,58170,54919,-,-,-,-,-,51585,FW:38460,53
Robotics & Automation,KME,"K M E A Engineering College, Cochin",S,61306,-,65208,-,-,-,-,-,-,-,-,-,-,FW:45231,53
Robotics & Automation,MGP,"Saintgits College of Engineering, Kottayam",S,45741,55089,48813,56470,-,-,-,-,-,-,62299,-,-,FW:34401,53
Robotics & Automation,TOC,"Toc H Institute of Science and Technology, Ernakulam",S,58130,-,58607,-,-,-,58462,-,-,-,-,-,-,FW:35803,53
Naval Architecture & Ship Building Engineering,AME,"Rajadhani Institute of Science and Technology, Palakkad",S,63951,-,-,-,-,-,-,-,-,-,-,-,-,,54
Naval Architecture & Ship Building Engineering,RIE,"Rajadhani Institute of Engineering and Technology, Thiruvananthapuram",S,51414,58432,-,-,54787,-,59083,-,-,-,64350,-,-,,54
Naval Architecture & Ship Building Engineering,SNG,"Sree Narayana Gurukulam College of Engineering, Ernakulam",S,35257,40358,46518,-,47095,55660,50346,-,-,48650,55738,-,45634,FW:21120,54
